Workbook
Name Slicer_Kategori_Barang: #N/A
Name Slicer_Lokasi_Penyimpanan: #N/A
Name Slicer_Status: #N/A
Name Slicer_Supplier: #N/A

Sheet Raw Data
A1: A | B1: B | C1: C | D1: D | E1: E | F1: F | G1: G | H1: H | I1: I | J1: J | K1: K | L1: L | M1: M | N1: N | O1: O
A2: APD-154 | B2: Masker Medis 3-Ply | C2: APD | D2: Box | E2: CV Labware Indonesia | F2: 2025-08-25 | G2: 2025-09-07 | H2: 100 | I2: 84 | J2: =H2-I2 -> 16 | K2: 45000 | L2: =J2*K2 -> 720000 | M2: Gudang B (Dingin) | N2: =IF(J2<=0,"Habis",IF(J2<=5,"Menipis","Tersedia")) -> Tersedia | O2: Dr. Ahmad Fauzi
A3: ALA-166 | B3: Gelas Kimia 250mL | C3: Alat Gelas | D3: Pcs | E3: CV Labware Indonesia | F3: 2025-05-08 | G3: 2025-05-15 | H3: 200 | I3: 12 | J3: =H3-I3 -> 188 | K3: 45000 | L3: =J3*K3 -> 8460000 | M3: Gudang Utama A | N3: =IF(J3<=0,"Habis",IF(J3<=5,"Menipis","Tersedia")) -> Tersedia | O3: Dewi Lestari, Ph.D.
A4: ALA-145 | B4: Tabung Reaksi | C4: Alat Gelas | D4: Pcs | E4: PT Anugerah Analitika | F4: 2025-05-15 | H4: 100 | I4: 0 | J4: =H4-I4 -> 100 | K4: 12000 | L4: =J4*K4 -> 1200000 | M4: Rak Alat C | N4: =IF(J4<=0,"Habis",IF(J4<=5,"Menipis","Tersedia")) -> Tersedia | O4: Fajar Nugroho
A5: ALA-117 | B5: Mini Centrifuge | C5: Alat Laboratorium | D5: Unit | E5: CV Labware Indonesia | F5: 2025-11-11 | G5: 2025-11-14 | H5: 2 | I5: 1 | J5: =H5-I5 -> 1 | K5: 4500000 | L5: =J5*K5 -> 4500000 | M5: Lemari Flammable | N5: =IF(J5<=0,"Habis",IF(J5<=5,"Menipis","Tersedia")) -> Menipis | O5: Rina Wijaya
A6: ALA-168 | B6: Pipet Volume 10mL | C6: Alat Gelas | D6: Pcs | E6: PT Medika Utama | F6: 2025-10-09 | G6: 2025-10-20 | H6: 100 | I6: 9 | J6: =H6-I6 -> 91 | K6: 35000 | L6: =J6*K6 -> 3185000 | M6: Rak Alat C | N6: =IF(J6<=0,"Habis",IF(J6<=5,"Menipis","Tersedia")) -> Tersedia | O6: Rina Wijaya
A7: APD-164 | B7: Jas Laboratorium | C7: APD | D7: Box | E7: PT Global Labora Mandiri | F7: 2025-05-03 | H7: 10 | I7: 0 | J7: =H7-I7 -> 10 | K7: 150000 | L7: =J7*K7 -> 1500000 | M7: Lemari Flammable | N7: =IF(J7<=0,"Habis",IF(J7<=5,"Menipis","Tersedia")) -> Tersedia | O7: Rina Wijaya
A8: ALA-184 | B8: pH Meter | C8: Alat Laboratorium | D8: Unit | E8: CV Biotech Pratama | F8: 2025-07-16 | G8: 2025-07-18 | H8: 5 | I8: 2 | J8: =H8-I8 -> 3 | K8: 1850000 | L8: =J8*K8 -> 5550000 | M8: Gudang B (Dingin) | N8: =IF(J8<=0,"Habis",IF(J8<=5,"Menipis","Tersedia")) -> Menipis | O8: Siti Aminah, S.Si.
A9: REA-121 | B9: Buffer TAE 50X | C9: Reagen | D9: Kit | E9: PT Merck Chemical Indonesia | F9: 2025-08-01 | H9: 100 | I9: 0 | J9: =H9-I9 -> 100 | K9: 350000 | L9: =J9*K9 -> 35000000 | M9: Lemari Flammable | N9: =IF(J9<=0,"Habis",IF(J9<=5,"Menipis","Tersedia")) -> Tersedia | O9: Dewi Lestari, Ph.D.
A10: ALA-179 | B10: Vortex Mixer | C10: Alat Laboratorium | D10: Unit | E10: PT Chemlab Mandiri | F10: 2025-05-17 | H10: 5 | I10: 0 | J10: =H10-I10 -> 5 | K10: 3800000 | L10: =J10*K10 -> 19000000 | M10: Gudang Utama A | N10: =IF(J10<=0,"Habis",IF(J10<=5,"Menipis","Tersedia")) -> Menipis | O10: Budi Santoso, M.Si.
A11: BAH-199 | B11: Kertas Saring Whatman | C11: Bahan Habis Pakai | D11: Pack | E11: PT Global Labora Mandiri | F11: 2025-06-17 | H11: 100 | I11: 0 | J11: =H11-I11 -> 100 | K11: 240000 | L11: =J11*K11 -> 24000000 | M11: Rak Alat C | N11: =IF(J11<=0,"Habis",IF(J11<=5,"Menipis","Tersedia")) -> Tersedia | O11: Agus Kurniawan
A12: APD-142 | B12: Masker Medis 3-Ply | C12: APD | D12: Box | E12: PT Medika Utama | F12: 2025-05-15 | G12: 2025-05-22 | H12: 100 | I12: 21 | J12: =H12-I12 -> 79 | K12: 45000 | L12: =J12*K12 -> 3555000 | M12: Gudang Utama A | N12: =IF(J12<=0,"Habis",IF(J12<=5,"Menipis","Tersedia")) -> Tersedia | O12: Rina Wijaya
A13: BAH-194 | B13: Metanol P.A. | C13: Bahan Kimia | D13: Botol | E13: PT Chemlab Mandiri | F13: 2025-09-05 | G13: 2025-09-13 | H13: 150 | I13: 43 | J13: =H13-I13 -> 107 | K13: 280000 | L13: =J13*K13 -> 29960000 | M13: Loker APD Sentral | N13: =IF(J13<=0,"Habis",IF(J13<=5,"Menipis","Tersedia")) -> Tersedia | O13: Hendra Setiawan
A14: BAH-151 | B14: Parafilm M Roll | C14: Bahan Habis Pakai | D14: Pack | E14: PT Global Labora Mandiri | F14: 2025-10-27 | G14: 2025-11-08 | H14: 50 | I14: 32 | J14: =H14-I14 -> 18 | K14: 650000 | L14: =J14*K14 -> 11700000 | M14: Loker APD Sentral | N14: =IF(J14<=0,"Habis",IF(J14<=5,"Menipis","Tersedia")) -> Tersedia | O14: Fajar Nugroho
A15: ALA-156 | B15: Tabung Reaksi | C15: Alat Gelas | D15: Pcs | E15: CV Biotech Pratama | F15: 2025-01-02 | G15: 2025-01-08 | H15: 100 | I15: 7 | J15: =H15-I15 -> 93 | K15: 12000 | L15: =J15*K15 -> 1116000 | M15: Gudang Utama A | N15: =IF(J15<=0,"Habis",IF(J15<=5,"Menipis","Tersedia")) -> Tersedia | O15: Fajar Nugroho
A16: REA-113 | B16: PCR Master Mix 2X | C16: Reagen | D16: Kit | E16: PT Advanced Nano Tech | F16: 2025-03-13 | G16: 2025-03-22 | H16: 100 | I16: 100 | J16: =H16-I16 -> 0 | K16: 850000 | L16: =J16*K16 -> 0 | M16: Lemari Flammable | N16: =IF(J16<=0,"Habis",IF(J16<=5,"Menipis","Tersedia")) -> Habis | O16: Agus Kurniawan
A17: BAH-192 | B17: Etanol 96% | C17: Bahan Kimia | D17: Botol | E17: CV Sigma Nusantara | F17: 2025-06-18 | G17: 2025-06-21 | H17: 200 | I17: 134 | J17: =H17-I17 -> 66 | K17: 220000 | L17: =J17*K17 -> 14520000 | M17: Lemari Flammable | N17: =IF(J17<=0,"Habis",IF(J17<=5,"Menipis","Tersedia")) -> Tersedia | O17: Agus Kurniawan
A18: BAH-141 | B18: Kertas Saring Whatman | C18: Bahan Habis Pakai | D18: Pack | E18: PT Advanced Nano Tech | F18: 2025-11-26 | G18: 2025-11-27 | H18: 150 | I18: 123 | J18: =H18-I18 -> 27 | K18: 240000 | L18: =J18*K18 -> 6480000 | M18: Gudang B (Dingin) | N18: =IF(J18<=0,"Habis",IF(J18<=5,"Menipis","Tersedia")) -> Tersedia | O18: Dr. Ahmad Fauzi
A19: REA-155 | B19: Gel Red Stain | C19: Reagen | D19: Kit | E19: PT Merck Chemical Indonesia | F19: 2025-01-24 | G19: 2025-02-07 | H19: 150 | I19: 28 | J19: =H19-I19 -> 122 | K19: 650000 | L19: =J19*K19 -> 79300000 | M19: Gudang Utama A | N19: =IF(J19<=0,"Habis",IF(J19<=5,"Menipis","Tersedia")) -> Tersedia | O19: Hendra Setiawan
A20: ALA-185 | B20: Vortex Mixer | C20: Alat Laboratorium | D20: Unit | E20: CV Labware Indonesia | F20: 2025-11-01 | G20: 2025-11-03 | H20: 2 | I20: 1 | J20: =H20-I20 -> 1 | K20: 3800000 | L20: =J20*K20 -> 3800000 | M20: Rak Alat C | N20: =IF(J20<=0,"Habis",IF(J20<=5,"Menipis","Tersedia")) -> Menipis | O20: Budi Santoso, M.Si.
A21: APD-154 | B21: Sarung Tangan Nitril | C21: APD | D21: Box | E21: PT Merck Chemical Indonesia | F21: 2025-08-26 | G21: 2025-09-07 | H21: 200 | I21: 134 | J21: =H21-I21 -> 66 | K21: 85000 | L21: =J21*K21 -> 5610000 | M21: Rak Alat C | N21: =IF(J21<=0,"Habis",IF(J21<=5,"Menipis","Tersedia")) -> Tersedia | O21: Siti Aminah, S.Si.
A22: BAH-185 | B22: Asam Klorida (HCl) | C22: Bahan Kimia | D22: Botol | E22: PT Chemlab Mandiri | F22: 2025-11-02 | H22: 50 | I22: 0 | J22: =H22-I22 -> 50 | K22: 310000 | L22: =J22*K22 -> 15500000 | M22: Rak Alat C | N22: =IF(J22<=0,"Habis",IF(J22<=5,"Menipis","Tersedia")) -> Tersedia | O22: Rina Wijaya
A23: BAH-126 | B23: Tip Pipet 200µL | C23: Bahan Habis Pakai | D23: Pack | E23: PT Anugerah Analitika | F23: 2025-11-30 | H23: 20 | I23: 0 | J23: =H23-I23 -> 20 | K23: 75000 | L23: =J23*K23 -> 1500000 | M23: Lemari Flammable | N23: =IF(J23<=0,"Habis",IF(J23<=5,"Menipis","Tersedia")) -> Tersedia | O23: Fajar Nugroho
A24: BAH-107 | B24: Perak Nitrat (AgNO3) | C24: Bahan Kimia | D24: Botol | E24: PT Medika Utama | F24: 2025-08-22 | G24: 2025-09-03 | H24: 100 | I24: 81 | J24: =H24-I24 -> 19 | K24: 1750000 | L24: =J24*K24 -> 33250000 | M24: Rak Alat C | N24: =IF(J24<=0,"Habis",IF(J24<=5,"Menipis","Tersedia")) -> Tersedia | O24: Hendra Setiawan
A25: ALA-188 | B25: Timbangan Analitik | C25: Alat Laboratorium | D25: Unit | E25: CV Sigma Nusantara | F25: 2025-05-15 | G25: 2025-05-27 | H25: 5 | I25: 3 | J25: =H25-I25 -> 2 | K25: 1550000 | L25: =J25*K25 -> 3100000 | M25: Loker APD Sentral | N25: =IF(J25<=0,"Habis",IF(J25<=5,"Menipis","Tersedia")) -> Menipis | O25: Agus Kurniawan
A26: ALA-157 | B26: Timbangan Analitik | C26: Alat Laboratorium | D26: Unit | E26: CV Labware Indonesia | F26: 2025-10-04 | G26: 2025-10-19 | H26: 5 | I26: 4 | J26: =H26-I26 -> 1 | K26: 1550000 | L26: =J26*K26 -> 1550000 | M26: Gudang Utama A | N26: =IF(J26<=0,"Habis",IF(J26<=5,"Menipis","Tersedia")) -> Menipis | O26: Agus Kurniawan
A27: ALA-153 | B27: Tabung Reaksi | C27: Alat Gelas | D27: Pcs | E27: PT Advanced Nano Tech | F27: 2025-06-06 | G27: 2025-06-08 | H27: 10 | I27: 6 | J27: =H27-I27 -> 4 | K27: 12000 | L27: =J27*K27 -> 48000 | M27: Loker APD Sentral | N27: =IF(J27<=0,"Habis",IF(J27<=5,"Menipis","Tersedia")) -> Menipis | O27: Siti Aminah, S.Si.
A28: BAH-178 | B28: Parafilm M Roll | C28: Bahan Habis Pakai | D28: Pack | E28: PT Medika Utama | F28: 2025-04-06 | H28: 20 | I28: 0 | J28: =H28-I28 -> 20 | K28: 650000 | L28: =J28*K28 -> 13000000 | M28: Loker APD Sentral | N28: =IF(J28<=0,"Habis",IF(J28<=5,"Menipis","Tersedia")) -> Tersedia | O28: Hendra Setiawan
A29: REA-106 | B29: Proteinase K | C29: Reagen | D29: Kit | E29: PT Merck Chemical Indonesia | F29: 2025-04-09 | G29: 2025-04-24 | H29: 150 | I29: 113 | J29: =H29-I29 -> 37 | K29: 450000 | L29: =J29*K29 -> 16650000 | M29: Lemari Flammable | N29: =IF(J29<=0,"Habis",IF(J29<=5,"Menipis","Tersedia")) -> Tersedia | O29: Siti Aminah, S.Si.
A30: APD-150 | B30: Masker Medis 3-Ply | C30: APD | D30: Box | E30: PT Merck Chemical Indonesia | F30: 2025-04-08 | G30: 2025-04-21 | H30: 150 | I30: 145 | J30: =H30-I30 -> 5 | K30: 45000 | L30: =J30*K30 -> 225000 | M30: Loker APD Sentral | N30: =IF(J30<=0,"Habis",IF(J30<=5,"Menipis","Tersedia")) -> Menipis | O30: Dewi Lestari, Ph.D.
A31: ALA-184 | B31: Mikropipet 100-1000 µL | C31: Alat Laboratorium | D31: Unit | E31: PT Advanced Nano Tech | F31: 2025-10-17 | G31: 2025-10-30 | H31: 5 | I31: 2 | J31: =H31-I31 -> 3 | K31: 2450000 | L31: =J31*K31 -> 7350000 | M31: Gudang Utama A | N31: =IF(J31<=0,"Habis",IF(J31<=5,"Menipis","Tersedia")) -> Menipis | O31: Dr. Ahmad Fauzi
A32: ALA-177 | B32: Gelas Kimia 250mL | C32: Alat Gelas | D32: Pcs | E32: PT Medika Utama | F32: 2025-10-02 | G32: 2025-10-09 | H32: 150 | I32: 23 | J32: =H32-I32 -> 127 | K32: 45000 | L32: =J32*K32 -> 5715000 | M32: Gudang Utama A | N32: =IF(J32<=0,"Habis",IF(J32<=5,"Menipis","Tersedia")) -> Tersedia | O32: Budi Santoso, M.Si.
A33: BAH-144 | B33: Akuades Steril | C33: Bahan Kimia | D33: Botol | E33: PT Alpha Sciencetama | F33: 2025-08-30 | G33: 2025-09-09 | H33: 150 | I33: 114 | J33: =H33-I33 -> 36 | K33: 85000 | L33: =J33*K33 -> 3060000 | M33: Lemari Flammable | N33: =IF(J33<=0,"Habis",IF(J33<=5,"Menipis","Tersedia")) -> Tersedia | O33: Budi Santoso, M.Si.
A34: ALA-154 | B34: Pipet Volume 10mL | C34: Alat Gelas | D34: Pcs | E34: PT Medika Utama | F34: 2025-04-10 | G34: 2025-04-11 | H34: 10 | I34: 3 | J34: =H34-I34 -> 7 | K34: 35000 | L34: =J34*K34 -> 245000 | M34: Lemari Flammable | N34: =IF(J34<=0,"Habis",IF(J34<=5,"Menipis","Tersedia")) -> Tersedia | O34: Agus Kurniawan
A35: ALA-172 | B35: Labu Erlenmeyer 500mL | C35: Alat Gelas | D35: Pcs | E35: PT Anugerah Analitika | F35: 2025-07-12 | G35: 2025-07-17 | H35: 10 | I35: 3 | J35: =H35-I35 -> 7 | K35: 65000 | L35: =J35*K35 -> 455000 | M35: Loker APD Sentral | N35: =IF(J35<=0,"Habis",IF(J35<=5,"Menipis","Tersedia")) -> Tersedia | O35: Dewi Lestari, Ph.D.
A36: ALA-174 | B36: Gelas Kimia 250mL | C36: Alat Gelas | D36: Pcs | E36: PT Global Labora Mandiri | F36: 2025-07-04 | G36: 2025-07-11 | H36: 20 | I36: 2 | J36: =H36-I36 -> 18 | K36: 45000 | L36: =J36*K36 -> 810000 | M36: Loker APD Sentral | N36: =IF(J36<=0,"Habis",IF(J36<=5,"Menipis","Tersedia")) -> Tersedia | O36: Siti Aminah, S.Si.
A37: APD-109 | B37: Kacamata Google Safety | C37: APD | D37: Box | E37: PT Medika Utama | F37: 2025-03-25 | G37: 2025-04-07 | H37: 20 | I37: 15 | J37: =H37-I37 -> 5 | K37: 35000 | L37: =J37*K37 -> 175000 | M37: Lemari Flammable | N37: =IF(J37<=0,"Habis",IF(J37<=5,"Menipis","Tersedia")) -> Menipis | O37: Rina Wijaya
A38: ALA-122 | B38: Mikropipet 100-1000 µL | C38: Alat Laboratorium | D38: Unit | E38: PT Global Labora Mandiri | F38: 2025-09-20 | G38: 2025-09-27 | H38: 10 | I38: 2 | J38: =H38-I38 -> 8 | K38: 2450000 | L38: =J38*K38 -> 19600000 | M38: Gudang B (Dingin) | N38: =IF(J38<=0,"Habis",IF(J38<=5,"Menipis","Tersedia")) -> Tersedia | O38: Fajar Nugroho
A39: REA-113 | B39: PCR Master Mix 2X | C39: Reagen | D39: Kit | E39: PT Anugerah Analitika | F39: 2025-10-01 | G39: 2025-10-07 | H39: 200 | I39: 26 | J39: =H39-I39 -> 174 | K39: 850000 | L39: =J39*K39 -> 147900000 | M39: Rak Alat C | N39: =IF(J39<=0,"Habis",IF(J39<=5,"Menipis","Tersedia")) -> Tersedia | O39: Hendra Setiawan
A40: APD-177 | B40: Kacamata Google Safety | C40: APD | D40: Box | E40: PT Merck Chemical Indonesia | F40: 2025-12-07 | G40: 2025-12-19 | H40: 20 | I40: 13 | J40: =H40-I40 -> 7 | K40: 35000 | L40: =J40*K40 -> 245000 | M40: Gudang Utama A | N40: =IF(J40<=0,"Habis",IF(J40<=5,"Menipis","Tersedia")) -> Tersedia | O40: Hendra Setiawan
A41: ALA-165 | B41: Gelas Kimia 250mL | C41: Alat Gelas | D41: Pcs | E41: CV Labware Indonesia | F41: 2025-07-24 | H41: 150 | I41: 0 | J41: =H41-I41 -> 150 | K41: 45000 | L41: =J41*K41 -> 6750000 | M41: Loker APD Sentral | N41: =IF(J41<=0,"Habis",IF(J41<=5,"Menipis","Tersedia")) -> Tersedia | O41: Siti Aminah, S.Si.
A42: ALA-124 | B42: Mikropipet 100-1000 µL | C42: Alat Laboratorium | D42: Unit | E42: PT Advanced Nano Tech | F42: 2025-07-24 | G42: 2025-07-30 | H42: 2 | I42: 2 | J42: =H42-I42 -> 0 | K42: 2450000 | L42: =J42*K42 -> 0 | M42: Gudang Utama A | N42: =IF(J42<=0,"Habis",IF(J42<=5,"Menipis","Tersedia")) -> Habis | O42: Dr. Ahmad Fauzi
A43: ALA-145 | B43: Gelas Kimia 250mL | C43: Alat Gelas | D43: Pcs | E43: PT Medika Utama | F43: 2025-01-10 | H43: 20 | I43: 0 | J43: =H43-I43 -> 20 | K43: 45000 | L43: =J43*K43 -> 900000 | M43: Gudang B (Dingin) | N43: =IF(J43<=0,"Habis",IF(J43<=5,"Menipis","Tersedia")) -> Tersedia | O43: Agus Kurniawan
A44: ALA-131 | B44: Labu Erlenmeyer 500mL | C44: Alat Gelas | D44: Pcs | E44: PT Anugerah Analitika | F44: 2025-01-16 | H44: 20 | I44: 0 | J44: =H44-I44 -> 20 | K44: 65000 | L44: =J44*K44 -> 1300000 | M44: Loker APD Sentral | N44: =IF(J44<=0,"Habis",IF(J44<=5,"Menipis","Tersedia")) -> Tersedia | O44: Fajar Nugroho
A45: REA-187 | B45: Kit Ekstraksi DNA | C45: Reagen | D45: Kit | E45: PT Global Labora Mandiri | F45: 2025-02-04 | G45: 2025-02-14 | H45: 10 | I45: 3 | J45: =H45-I45 -> 7 | K45: 1250000 | L45: =J45*K45 -> 8750000 | M45: Lemari Flammable | N45: =IF(J45<=0,"Habis",IF(J45<=5,"Menipis","Tersedia")) -> Tersedia | O45: Siti Aminah, S.Si.
A46: BAH-170 | B46: Perak Nitrat (AgNO3) | C46: Bahan Kimia | D46: Botol | E46: PT Global Labora Mandiri | F46: 2025-10-24 | G46: 2025-10-25 | H46: 100 | I46: 24 | J46: =H46-I46 -> 76 | K46: 1750000 | L46: =J46*K46 -> 133000000 | M46: Lemari Flammable | N46: =IF(J46<=0,"Habis",IF(J46<=5,"Menipis","Tersedia")) -> Tersedia | O46: Dr. Ahmad Fauzi
A47: BAH-162 | B47: Asam Klorida (HCl) | C47: Bahan Kimia | D47: Botol | E47: PT Medika Utama | F47: 2025-05-16 | H47: 50 | I47: 0 | J47: =H47-I47 -> 50 | K47: 310000 | L47: =J47*K47 -> 15500000 | M47: Gudang B (Dingin) | N47: =IF(J47<=0,"Habis",IF(J47<=5,"Menipis","Tersedia")) -> Tersedia | O47: Siti Aminah, S.Si.
A48: BAH-119 | B48: Perak Nitrat (AgNO3) | C48: Bahan Kimia | D48: Botol | E48: CV Sigma Nusantara | F48: 2025-06-07 | G48: 2025-06-09 | H48: 20 | I48: 18 | J48: =H48-I48 -> 2 | K48: 1750000 | L48: =J48*K48 -> 3500000 | M48: Loker APD Sentral | N48: =IF(J48<=0,"Habis",IF(J48<=5,"Menipis","Tersedia")) -> Menipis | O48: Siti Aminah, S.Si.
A49: ALA-142 | B49: pH Meter | C49: Alat Laboratorium | D49: Unit | E49: PT Alpha Sciencetama | F49: 2025-08-07 | G49: 2025-08-17 | H49: 2 | I49: 1 | J49: =H49-I49 -> 1 | K49: 1850000 | L49: =J49*K49 -> 1850000 | M49: Loker APD Sentral | N49: =IF(J49<=0,"Habis",IF(J49<=5,"Menipis","Tersedia")) -> Menipis | O49: Hendra Setiawan
A50: REA-168 | B50: PCR Master Mix 2X | C50: Reagen | D50: Kit | E50: PT Alpha Sciencetama | F50: 2025-06-06 | G50: 2025-06-20 | H50: 200 | I50: 39 | J50: =H50-I50 -> 161 | K50: 850000 | L50: =J50*K50 -> 136850000 | M50: Gudang B (Dingin) | N50: =IF(J50<=0,"Habis",IF(J50<=5,"Menipis","Tersedia")) -> Tersedia | O50: Rina Wijaya
A51: REA-166 | B51: Gel Red Stain | C51: Reagen | D51: Kit | E51: CV Biotech Pratama | F51: 2025-08-26 | H51: 100 | I51: 0 | J51: =H51-I51 -> 100 | K51: 650000 | L51: =J51*K51 -> 65000000 | M51: Rak Alat C | N51: =IF(J51<=0,"Habis",IF(J51<=5,"Menipis","Tersedia")) -> Tersedia | O51: Agus Kurniawan
A52: BAH-103 | B52: Kertas Saring Whatman | C52: Bahan Habis Pakai | D52: Pack | E52: PT Anugerah Analitika | F52: 2025-12-03 | G52: 2025-12-06 | H52: 200 | I52: 198 | J52: =H52-I52 -> 2 | K52: 240000 | L52: =J52*K52 -> 480000 | M52: Lemari Flammable | N52: =IF(J52<=0,"Habis",IF(J52<=5,"Menipis","Tersedia")) -> Menipis | O52: Budi Santoso, M.Si.
A53: ALA-185 | B53: pH Meter | C53: Alat Laboratorium | D53: Unit | E53: CV Labware Indonesia | F53: 2025-09-08 | H53: 5 | I53: 0 | J53: =H53-I53 -> 5 | K53: 1850000 | L53: =J53*K53 -> 9250000 | M53: Gudang Utama A | N53: =IF(J53<=0,"Habis",IF(J53<=5,"Menipis","Tersedia")) -> Menipis | O53: Budi Santoso, M.Si.
A54: BAH-127 | B54: Aluminium Foil | C54: Bahan Habis Pakai | D54: Pack | E54: CV Labware Indonesia | F54: 2025-10-12 | H54: 100 | I54: 0 | J54: =H54-I54 -> 100 | K54: 45000 | L54: =J54*K54 -> 4500000 | M54: Loker APD Sentral | N54: =IF(J54<=0,"Habis",IF(J54<=5,"Menipis","Tersedia")) -> Tersedia | O54: Dewi Lestari, Ph.D.
A55: BAH-194 | B55: Aluminium Foil | C55: Bahan Habis Pakai | D55: Pack | E55: PT Medika Utama | F55: 2025-08-23 | G55: 2025-09-01 | H55: 10 | I55: 9 | J55: =H55-I55 -> 1 | K55: 45000 | L55: =J55*K55 -> 45000 | M55: Gudang Utama A | N55: =IF(J55<=0,"Habis",IF(J55<=5,"Menipis","Tersedia")) -> Menipis | O55: Budi Santoso, M.Si.
A56: REA-178 | B56: Buffer TAE 50X | C56: Reagen | D56: Kit | E56: CV Biotech Pratama | F56: 2025-01-18 | G56: 2025-01-22 | H56: 10 | I56: 7 | J56: =H56-I56 -> 3 | K56: 350000 | L56: =J56*K56 -> 1050000 | M56: Gudang B (Dingin) | N56: =IF(J56<=0,"Habis",IF(J56<=5,"Menipis","Tersedia")) -> Menipis | O56: Dr. Ahmad Fauzi
A57: BAH-172 | B57: Parafilm M Roll | C57: Bahan Habis Pakai | D57: Pack | E57: CV Biotech Pratama | F57: 2025-07-07 | G57: 2025-07-19 | H57: 100 | I57: 23 | J57: =H57-I57 -> 77 | K57: 650000 | L57: =J57*K57 -> 50050000 | M57: Gudang Utama A | N57: =IF(J57<=0,"Habis",IF(J57<=5,"Menipis","Tersedia")) -> Tersedia | O57: Siti Aminah, S.Si.
A58: ALA-169 | B58: Gelas Ukur 100mL | C58: Alat Gelas | D58: Pcs | E58: PT Chemlab Mandiri | F58: 2025-03-21 | H58: 100 | I58: 0 | J58: =H58-I58 -> 100 | K58: 55000 | L58: =J58*K58 -> 5500000 | M58: Gudang B (Dingin) | N58: =IF(J58<=0,"Habis",IF(J58<=5,"Menipis","Tersedia")) -> Tersedia | O58: Rina Wijaya
A59: APD-187 | B59: Kacamata Google Safety | C59: APD | D59: Box | E59: PT Anugerah Analitika | F59: 2025-10-02 | G59: 2025-10-12 | H59: 200 | I59: 156 | J59: =H59-I59 -> 44 | K59: 35000 | L59: =J59*K59 -> 1540000 | M59: Gudang Utama A | N59: =IF(J59<=0,"Habis",IF(J59<=5,"Menipis","Tersedia")) -> Tersedia | O59: Rina Wijaya
A60: APD-109 | B60: Sarung Tangan Nitril | C60: APD | D60: Box | E60: PT Anugerah Analitika | F60: 2025-04-18 | G60: 2025-04-24 | H60: 10 | I60: 3 | J60: =H60-I60 -> 7 | K60: 85000 | L60: =J60*K60 -> 595000 | M60: Gudang Utama A | N60: =IF(J60<=0,"Habis",IF(J60<=5,"Menipis","Tersedia")) -> Tersedia | O60: Agus Kurniawan
A61: BAH-131 | B61: Metanol P.A. | C61: Bahan Kimia | D61: Botol | E61: PT Medika Utama | F61: 2025-05-13 | H61: 20 | I61: 0 | J61: =H61-I61 -> 20 | K61: 280000 | L61: =J61*K61 -> 5600000 | M61: Loker APD Sentral | N61: =IF(J61<=0,"Habis",IF(J61<=5,"Menipis","Tersedia")) -> Tersedia | O61: Hendra Setiawan
A62: BAH-143 | B62: Etanol 96% | C62: Bahan Kimia | D62: Botol | E62: PT Alpha Sciencetama | F62: 2025-09-14 | G62: 2025-09-21 | H62: 200 | I62: 13 | J62: =H62-I62 -> 187 | K62: 220000 | L62: =J62*K62 -> 41140000 | M62: Rak Alat C | N62: =IF(J62<=0,"Habis",IF(J62<=5,"Menipis","Tersedia")) -> Tersedia | O62: Dewi Lestari, Ph.D.
A63: BAH-158 | B63: Aluminium Foil | C63: Bahan Habis Pakai | D63: Pack | E63: PT Global Labora Mandiri | F63: 2025-08-08 | H63: 10 | I63: 0 | J63: =H63-I63 -> 10 | K63: 45000 | L63: =J63*K63 -> 450000 | M63: Lemari Flammable | N63: =IF(J63<=0,"Habis",IF(J63<=5,"Menipis","Tersedia")) -> Tersedia | O63: Siti Aminah, S.Si.
A64: ALA-148 | B64: Gelas Kimia 250mL | C64: Alat Gelas | D64: Pcs | E64: PT Chemlab Mandiri | F64: 2025-09-24 | G64: 2025-10-02 | H64: 200 | I64: 147 | J64: =H64-I64 -> 53 | K64: 45000 | L64: =J64*K64 -> 2385000 | M64: Gudang Utama A | N64: =IF(J64<=0,"Habis",IF(J64<=5,"Menipis","Tersedia")) -> Tersedia | O64: Siti Aminah, S.Si.
A65: REA-114 | B65: Buffer TAE 50X | C65: Reagen | D65: Kit | E65: PT Anugerah Analitika | F65: 2025-07-21 | G65: 2025-08-01 | H65: 10 | I65: 8 | J65: =H65-I65 -> 2 | K65: 350000 | L65: =J65*K65 -> 700000 | M65: Gudang B (Dingin) | N65: =IF(J65<=0,"Habis",IF(J65<=5,"Menipis","Tersedia")) -> Menipis | O65: Agus Kurniawan
A66: APD-189 | B66: Kacamata Google Safety | C66: APD | D66: Box | E66: PT Anugerah Analitika | F66: 2025-12-03 | G66: 2025-12-11 | H66: 20 | I66: 8 | J66: =H66-I66 -> 12 | K66: 35000 | L66: =J66*K66 -> 420000 | M66: Loker APD Sentral | N66: =IF(J66<=0,"Habis",IF(J66<=5,"Menipis","Tersedia")) -> Tersedia | O66: Hendra Setiawan
A67: BAH-159 | B67: Akuades Steril | C67: Bahan Kimia | D67: Botol | E67: PT Anugerah Analitika | F67: 2025-08-18 | G67: 2025-08-27 | H67: 150 | I67: 129 | J67: =H67-I67 -> 21 | K67: 85000 | L67: =J67*K67 -> 1785000 | M67: Loker APD Sentral | N67: =IF(J67<=0,"Habis",IF(J67<=5,"Menipis","Tersedia")) -> Tersedia | O67: Hendra Setiawan
A68: ALA-138 | B68: Timbangan Analitik | C68: Alat Laboratorium | D68: Unit | E68: PT Global Labora Mandiri | F68: 2025-07-11 | G68: 2025-07-20 | H68: 2 | I68: 1 | J68: =H68-I68 -> 1 | K68: 1550000 | L68: =J68*K68 -> 1550000 | M68: Gudang B (Dingin) | N68: =IF(J68<=0,"Habis",IF(J68<=5,"Menipis","Tersedia")) -> Menipis | O68: Rina Wijaya
A69: APD-107 | B69: Masker Medis 3-Ply | C69: APD | D69: Box | E69: PT Global Labora Mandiri | F69: 2025-03-26 | H69: 20 | I69: 0 | J69: =H69-I69 -> 20 | K69: 45000 | L69: =J69*K69 -> 900000 | M69: Rak Alat C | N69: =IF(J69<=0,"Habis",IF(J69<=5,"Menipis","Tersedia")) -> Tersedia | O69: Fajar Nugroho
A70: BAH-105 | B70: Etanol 96% | C70: Bahan Kimia | D70: Botol | E70: PT Chemlab Mandiri | F70: 2025-01-09 | G70: 2025-01-22 | H70: 20 | I70: 15 | J70: =H70-I70 -> 5 | K70: 220000 | L70: =J70*K70 -> 1100000 | M70: Gudang Utama A | N70: =IF(J70<=0,"Habis",IF(J70<=5,"Menipis","Tersedia")) -> Menipis | O70: Rina Wijaya
A71: ALA-153 | B71: Mikropipet 100-1000 µL | C71: Alat Laboratorium | D71: Unit | E71: PT Medika Utama | F71: 2025-03-21 | H71: 2 | I71: 0 | J71: =H71-I71 -> 2 | K71: 2450000 | L71: =J71*K71 -> 4900000 | M71: Gudang Utama A | N71: =IF(J71<=0,"Habis",IF(J71<=5,"Menipis","Tersedia")) -> Menipis | O71: Hendra Setiawan
A72: BAH-114 | B72: Kertas Saring Whatman | C72: Bahan Habis Pakai | D72: Pack | E72: PT Chemlab Mandiri | F72: 2025-06-29 | G72: 2025-07-13 | H72: 50 | I72: 50 | J72: =H72-I72 -> 0 | K72: 240000 | L72: =J72*K72 -> 0 | M72: Rak Alat C | N72: =IF(J72<=0,"Habis",IF(J72<=5,"Menipis","Tersedia")) -> Habis | O72: Agus Kurniawan
A73: BAH-176 | B73: Aluminium Foil | C73: Bahan Habis Pakai | D73: Pack | E73: CV Sigma Nusantara | F73: 2025-02-24 | G73: 2025-03-02 | H73: 100 | I73: 92 | J73: =H73-I73 -> 8 | K73: 45000 | L73: =J73*K73 -> 360000 | M73: Gudang Utama A | N73: =IF(J73<=0,"Habis",IF(J73<=5,"Menipis","Tersedia")) -> Tersedia | O73: Fajar Nugroho
A74: BAH-160 | B74: Asam Klorida (HCl) | C74: Bahan Kimia | D74: Botol | E74: PT Medika Utama | F74: 2025-10-25 | G74: 2025-10-30 | H74: 20 | I74: 11 | J74: =H74-I74 -> 9 | K74: 310000 | L74: =J74*K74 -> 2790000 | M74: Gudang B (Dingin) | N74: =IF(J74<=0,"Habis",IF(J74<=5,"Menipis","Tersedia")) -> Tersedia | O74: Siti Aminah, S.Si.
A75: ALA-193 | B75: Gelas Kimia 250mL | C75: Alat Gelas | D75: Pcs | E75: PT Advanced Nano Tech | F75: 2025-03-29 | G75: 2025-04-05 | H75: 20 | I75: 12 | J75: =H75-I75 -> 8 | K75: 45000 | L75: =J75*K75 -> 360000 | M75: Gudang Utama A | N75: =IF(J75<=0,"Habis",IF(J75<=5,"Menipis","Tersedia")) -> Tersedia | O75: Fajar Nugroho
A76: REA-131 | B76: Buffer TAE 50X | C76: Reagen | D76: Kit | E76: PT Merck Chemical Indonesia | F76: 2025-01-28 | G76: 2025-02-05 | H76: 150 | I76: 66 | J76: =H76-I76 -> 84 | K76: 350000 | L76: =J76*K76 -> 29400000 | M76: Lemari Flammable | N76: =IF(J76<=0,"Habis",IF(J76<=5,"Menipis","Tersedia")) -> Tersedia | O76: Siti Aminah, S.Si.
A77: REA-189 | B77: Proteinase K | C77: Reagen | D77: Kit | E77: CV Biotech Pratama | F77: 2025-03-28 | G77: 2025-04-06 | H77: 100 | I77: 91 | J77: =H77-I77 -> 9 | K77: 450000 | L77: =J77*K77 -> 4050000 | M77: Gudang B (Dingin) | N77: =IF(J77<=0,"Habis",IF(J77<=5,"Menipis","Tersedia")) -> Tersedia | O77: Rina Wijaya
A78: ALA-189 | B78: Gelas Ukur 100mL | C78: Alat Gelas | D78: Pcs | E78: PT Merck Chemical Indonesia | F78: 2025-04-08 | G78: 2025-04-16 | H78: 20 | I78: 12 | J78: =H78-I78 -> 8 | K78: 55000 | L78: =J78*K78 -> 440000 | M78: Lemari Flammable | N78: =IF(J78<=0,"Habis",IF(J78<=5,"Menipis","Tersedia")) -> Tersedia | O78: Fajar Nugroho
A79: BAH-196 | B79: Kertas Saring Whatman | C79: Bahan Habis Pakai | D79: Pack | E79: PT Merck Chemical Indonesia | F79: 2025-04-06 | H79: 20 | I79: 0 | J79: =H79-I79 -> 20 | K79: 240000 | L79: =J79*K79 -> 4800000 | M79: Loker APD Sentral | N79: =IF(J79<=0,"Habis",IF(J79<=5,"Menipis","Tersedia")) -> Tersedia | O79: Dr. Ahmad Fauzi
A80: BAH-100 | B80: Akuades Steril | C80: Bahan Kimia | D80: Botol | E80: PT Advanced Nano Tech | F80: 2025-06-17 | G80: 2025-07-02 | H80: 50 | I80: 38 | J80: =H80-I80 -> 12 | K80: 85000 | L80: =J80*K80 -> 1020000 | M80: Loker APD Sentral | N80: =IF(J80<=0,"Habis",IF(J80<=5,"Menipis","Tersedia")) -> Tersedia | O80: Rina Wijaya
A81: BAH-160 | B81: Kertas Saring Whatman | C81: Bahan Habis Pakai | D81: Pack | E81: PT Merck Chemical Indonesia | F81: 2025-08-26 | H81: 150 | I81: 0 | J81: =H81-I81 -> 150 | K81: 240000 | L81: =J81*K81 -> 36000000 | M81: Lemari Flammable | N81: =IF(J81<=0,"Habis",IF(J81<=5,"Menipis","Tersedia")) -> Tersedia | O81: Fajar Nugroho
A82: APD-131 | B82: Masker Medis 3-Ply | C82: APD | D82: Box | E82: PT Alpha Sciencetama | F82: 2025-05-19 | G82: 2025-06-01 | H82: 20 | I82: 11 | J82: =H82-I82 -> 9 | K82: 45000 | L82: =J82*K82 -> 405000 | M82: Gudang Utama A | N82: =IF(J82<=0,"Habis",IF(J82<=5,"Menipis","Tersedia")) -> Tersedia | O82: Siti Aminah, S.Si.
A83: ALA-147 | B83: pH Meter | C83: Alat Laboratorium | D83: Unit | E83: PT Global Labora Mandiri | F83: 2025-11-23 | H83: 10 | I83: 0 | J83: =H83-I83 -> 10 | K83: 1850000 | L83: =J83*K83 -> 18500000 | M83: Loker APD Sentral | N83: =IF(J83<=0,"Habis",IF(J83<=5,"Menipis","Tersedia")) -> Tersedia | O83: Dewi Lestari, Ph.D.
A84: REA-182 | B84: Buffer TAE 50X | C84: Reagen | D84: Kit | E84: CV Biotech Pratama | F84: 2025-11-13 | H84: 10 | I84: 0 | J84: =H84-I84 -> 10 | K84: 350000 | L84: =J84*K84 -> 3500000 | M84: Loker APD Sentral | N84: =IF(J84<=0,"Habis",IF(J84<=5,"Menipis","Tersedia")) -> Tersedia | O84: Fajar Nugroho
A85: ALA-130 | B85: Gelas Ukur 100mL | C85: Alat Gelas | D85: Pcs | E85: CV Labware Indonesia | F85: 2025-03-29 | G85: 2025-04-11 | H85: 10 | I85: 5 | J85: =H85-I85 -> 5 | K85: 55000 | L85: =J85*K85 -> 275000 | M85: Gudang Utama A | N85: =IF(J85<=0,"Habis",IF(J85<=5,"Menipis","Tersedia")) -> Menipis | O85: Agus Kurniawan
A86: ALA-156 | B86: Gelas Kimia 250mL | C86: Alat Gelas | D86: Pcs | E86: PT Chemlab Mandiri | F86: 2025-01-18 | G86: 2025-01-25 | H86: 100 | I86: 68 | J86: =H86-I86 -> 32 | K86: 45000 | L86: =J86*K86 -> 1440000 | M86: Gudang Utama A | N86: =IF(J86<=0,"Habis",IF(J86<=5,"Menipis","Tersedia")) -> Tersedia | O86: Dr. Ahmad Fauzi
A87: APD-195 | B87: Jas Laboratorium | C87: APD | D87: Box | E87: PT Advanced Nano Tech | F87: 2025-10-31 | G87: 2025-11-06 | H87: 20 | I87: 11 | J87: =H87-I87 -> 9 | K87: 150000 | L87: =J87*K87 -> 1350000 | M87: Rak Alat C | N87: =IF(J87<=0,"Habis",IF(J87<=5,"Menipis","Tersedia")) -> Tersedia | O87: Dewi Lestari, Ph.D.
A88: REA-190 | B88: Gel Red Stain | C88: Reagen | D88: Kit | E88: CV Sigma Nusantara | F88: 2025-02-22 | G88: 2025-03-02 | H88: 50 | I88: 21 | J88: =H88-I88 -> 29 | K88: 650000 | L88: =J88*K88 -> 18850000 | M88: Loker APD Sentral | N88: =IF(J88<=0,"Habis",IF(J88<=5,"Menipis","Tersedia")) -> Tersedia | O88: Dewi Lestari, Ph.D.
A89: BAH-121 | B89: Asam Klorida (HCl) | C89: Bahan Kimia | D89: Botol | E89: CV Sigma Nusantara | F89: 2025-10-12 | H89: 150 | I89: 0 | J89: =H89-I89 -> 150 | K89: 310000 | L89: =J89*K89 -> 46500000 | M89: Gudang B (Dingin) | N89: =IF(J89<=0,"Habis",IF(J89<=5,"Menipis","Tersedia")) -> Tersedia | O89: Siti Aminah, S.Si.
A90: REA-197 | B90: Buffer TAE 50X | C90: Reagen | D90: Kit | E90: PT Medika Utama | F90: 2025-03-23 | G90: 2025-04-03 | H90: 50 | I90: 44 | J90: =H90-I90 -> 6 | K90: 350000 | L90: =J90*K90 -> 2100000 | M90: Rak Alat C | N90: =IF(J90<=0,"Habis",IF(J90<=5,"Menipis","Tersedia")) -> Tersedia | O90: Fajar Nugroho
A91: BAH-106 | B91: Kertas Saring Whatman | C91: Bahan Habis Pakai | D91: Pack | E91: PT Alpha Sciencetama | F91: 2025-10-02 | H91: 150 | I91: 0 | J91: =H91-I91 -> 150 | K91: 240000 | L91: =J91*K91 -> 36000000 | M91: Loker APD Sentral | N91: =IF(J91<=0,"Habis",IF(J91<=5,"Menipis","Tersedia")) -> Tersedia | O91: Budi Santoso, M.Si.
A92: APD-145 | B92: Jas Laboratorium | C92: APD | D92: Box | E92: CV Labware Indonesia | F92: 2025-05-12 | H92: 10 | I92: 0 | J92: =H92-I92 -> 10 | K92: 150000 | L92: =J92*K92 -> 1500000 | M92: Rak Alat C | N92: =IF(J92<=0,"Habis",IF(J92<=5,"Menipis","Tersedia")) -> Tersedia | O92: Dewi Lestari, Ph.D.
A93: ALA-182 | B93: Mikropipet 100-1000 µL | C93: Alat Laboratorium | D93: Unit | E93: CV Biotech Pratama | F93: 2025-10-05 | G93: 2025-10-14 | H93: 2 | I93: 2 | J93: =H93-I93 -> 0 | K93: 2450000 | L93: =J93*K93 -> 0 | M93: Lemari Flammable | N93: =IF(J93<=0,"Habis",IF(J93<=5,"Menipis","Tersedia")) -> Habis | O93: Rina Wijaya
A94: BAH-106 | B94: Aluminium Foil | C94: Bahan Habis Pakai | D94: Pack | E94: PT Chemlab Mandiri | F94: 2025-08-28 | G94: 2025-09-03 | H94: 150 | I94: 96 | J94: =H94-I94 -> 54 | K94: 45000 | L94: =J94*K94 -> 2430000 | M94: Rak Alat C | N94: =IF(J94<=0,"Habis",IF(J94<=5,"Menipis","Tersedia")) -> Tersedia | O94: Fajar Nugroho
A95: BAH-136 | B95: Asam Klorida (HCl) | C95: Bahan Kimia | D95: Botol | E95: PT Chemlab Mandiri | F95: 2025-07-11 | G95: 2025-07-22 | H95: 50 | I95: 38 | J95: =H95-I95 -> 12 | K95: 310000 | L95: =J95*K95 -> 3720000 | M95: Gudang Utama A | N95: =IF(J95<=0,"Habis",IF(J95<=5,"Menipis","Tersedia")) -> Tersedia | O95: Agus Kurniawan
A96: BAH-129 | B96: Metanol P.A. | C96: Bahan Kimia | D96: Botol | E96: PT Anugerah Analitika | F96: 2025-05-21 | G96: 2025-05-23 | H96: 10 | I96: 2 | J96: =H96-I96 -> 8 | K96: 280000 | L96: =J96*K96 -> 2240000 | M96: Rak Alat C | N96: =IF(J96<=0,"Habis",IF(J96<=5,"Menipis","Tersedia")) -> Tersedia | O96: Fajar Nugroho
A97: ALA-130 | B97: Timbangan Analitik | C97: Alat Laboratorium | D97: Unit | E97: PT Global Labora Mandiri | F97: 2025-09-15 | G97: 2025-09-25 | H97: 5 | I97: 3 | J97: =H97-I97 -> 2 | K97: 1550000 | L97: =J97*K97 -> 3100000 | M97: Gudang Utama A | N97: =IF(J97<=0,"Habis",IF(J97<=5,"Menipis","Tersedia")) -> Menipis | O97: Budi Santoso, M.Si.
A98: ALA-192 | B98: Tabung Reaksi | C98: Alat Gelas | D98: Pcs | E98: CV Biotech Pratama | F98: 2025-01-05 | G98: 2025-01-13 | H98: 50 | I98: 13 | J98: =H98-I98 -> 37 | K98: 12000 | L98: =J98*K98 -> 444000 | M98: Rak Alat C | N98: =IF(J98<=0,"Habis",IF(J98<=5,"Menipis","Tersedia")) -> Tersedia | O98: Budi Santoso, M.Si.
A99: REA-199 | B99: Proteinase K | C99: Reagen | D99: Kit | E99: CV Labware Indonesia | F99: 2025-10-13 | G99: 2025-10-23 | H99: 50 | I99: 34 | J99: =H99-I99 -> 16 | K99: 450000 | L99: =J99*K99 -> 7200000 | M99: Gudang Utama A | N99: =IF(J99<=0,"Habis",IF(J99<=5,"Menipis","Tersedia")) -> Tersedia | O99: Budi Santoso, M.Si.
A100: REA-163 | B100: PCR Master Mix 2X | C100: Reagen | D100: Kit | E100: CV Sigma Nusantara | F100: 2025-07-19 | H100: 20 | I100: 0 | J100: =H100-I100 -> 20 | K100: 850000 | L100: =J100*K100 -> 17000000 | M100: Gudang Utama A | N100: =IF(J100<=0,"Habis",IF(J100<=5,"Menipis","Tersedia")) -> Tersedia | O100: Hendra Setiawan
...

Sheet Data Olahan
A2: LAPORAN INVENTARIS LABORATORIUM KLINIK PAJAJARAN BARU
A4: Kode Barang | B4: Nama Barang | C4: Kategori Barang | D4: Satuan | E4: Supplier | F4: Tanggal Masuk | G4: Tanggal Keluar | H4: Jumlah Masuk | I4: Jumlah Keluar | J4: Stok Akhir | K4: Harga Satuan | L4: Total Nilai Persediaan | M4: Lokasi Penyimpanan | N4: Status | O4: PIC
A5: APD-154 | B5: Masker Medis 3-Ply | C5: APD | D5: Box | E5: CV Labware Indonesia | F5: 2025-08-25 | G5: 2025-09-07 | H5: 100 | I5: 84 | J5: =H5-I5 -> 16 | K5: 45000 | L5: =J5*K5 -> 720000 | M5: Gudang B (Dingin) | N5: =IF(J5<=0,"Habis",IF(J5<=5,"Menipis","Tersedia")) -> Tersedia | O5: Dr. Ahmad Fauzi
A6: ALA-166 | B6: Gelas Kimia 250mL | C6: Alat Gelas | D6: Pcs | E6: CV Labware Indonesia | F6: 2025-05-08 | G6: 2025-05-15 | H6: 200 | I6: 12 | J6: =H6-I6 -> 188 | K6: 45000 | L6: =J6*K6 -> 8460000 | M6: Gudang Utama A | N6: =IF(J6<=0,"Habis",IF(J6<=5,"Menipis","Tersedia")) -> Tersedia | O6: Dewi Lestari, Ph.D.
A7: ALA-145 | B7: Tabung Reaksi | C7: Alat Gelas | D7: Pcs | E7: PT Anugerah Analitika | F7: 2025-05-15 | H7: 100 | I7: 0 | J7: =H7-I7 -> 100 | K7: 12000 | L7: =J7*K7 -> 1200000 | M7: Rak Alat C | N7: =IF(J7<=0,"Habis",IF(J7<=5,"Menipis","Tersedia")) -> Tersedia | O7: Fajar Nugroho
A8: ALA-117 | B8: Mini Centrifuge | C8: Alat Laboratorium | D8: Unit | E8: CV Labware Indonesia | F8: 2025-11-11 | G8: 2025-11-14 | H8: 2 | I8: 1 | J8: =H8-I8 -> 1 | K8: 4500000 | L8: =J8*K8 -> 4500000 | M8: Lemari Flammable | N8: =IF(J8<=0,"Habis",IF(J8<=5,"Menipis","Tersedia")) -> Menipis | O8: Rina Wijaya
A9: ALA-168 | B9: Pipet Volume 10mL | C9: Alat Gelas | D9: Pcs | E9: PT Medika Utama | F9: 2025-10-09 | G9: 2025-10-20 | H9: 100 | I9: 9 | J9: =H9-I9 -> 91 | K9: 35000 | L9: =J9*K9 -> 3185000 | M9: Rak Alat C | N9: =IF(J9<=0,"Habis",IF(J9<=5,"Menipis","Tersedia")) -> Tersedia | O9: Rina Wijaya
A10: APD-164 | B10: Jas Laboratorium | C10: APD | D10: Box | E10: PT Global Labora Mandiri | F10: 2025-05-03 | H10: 10 | I10: 0 | J10: =H10-I10 -> 10 | K10: 150000 | L10: =J10*K10 -> 1500000 | M10: Lemari Flammable | N10: =IF(J10<=0,"Habis",IF(J10<=5,"Menipis","Tersedia")) -> Tersedia | O10: Rina Wijaya
A11: ALA-184 | B11: pH Meter | C11: Alat Laboratorium | D11: Unit | E11: CV Biotech Pratama | F11: 2025-07-16 | G11: 2025-07-18 | H11: 5 | I11: 2 | J11: =H11-I11 -> 3 | K11: 1850000 | L11: =J11*K11 -> 5550000 | M11: Gudang B (Dingin) | N11: =IF(J11<=0,"Habis",IF(J11<=5,"Menipis","Tersedia")) -> Menipis | O11: Siti Aminah, S.Si.
A12: REA-121 | B12: Buffer TAE 50X | C12: Reagen | D12: Kit | E12: PT Merck Chemical Indonesia | F12: 2025-08-01 | H12: 100 | I12: 0 | J12: =H12-I12 -> 100 | K12: 350000 | L12: =J12*K12 -> 35000000 | M12: Lemari Flammable | N12: =IF(J12<=0,"Habis",IF(J12<=5,"Menipis","Tersedia")) -> Tersedia | O12: Dewi Lestari, Ph.D.
A13: ALA-179 | B13: Vortex Mixer | C13: Alat Laboratorium | D13: Unit | E13: PT Chemlab Mandiri | F13: 2025-05-17 | H13: 5 | I13: 0 | J13: =H13-I13 -> 5 | K13: 3800000 | L13: =J13*K13 -> 19000000 | M13: Gudang Utama A | N13: =IF(J13<=0,"Habis",IF(J13<=5,"Menipis","Tersedia")) -> Menipis | O13: Budi Santoso, M.Si.
A14: BAH-199 | B14: Kertas Saring Whatman | C14: Bahan Habis Pakai | D14: Pack | E14: PT Global Labora Mandiri | F14: 2025-06-17 | H14: 100 | I14: 0 | J14: =H14-I14 -> 100 | K14: 240000 | L14: =J14*K14 -> 24000000 | M14: Rak Alat C | N14: =IF(J14<=0,"Habis",IF(J14<=5,"Menipis","Tersedia")) -> Tersedia | O14: Agus Kurniawan
A15: APD-142 | B15: Masker Medis 3-Ply | C15: APD | D15: Box | E15: PT Medika Utama | F15: 2025-05-15 | G15: 2025-05-22 | H15: 100 | I15: 21 | J15: =H15-I15 -> 79 | K15: 45000 | L15: =J15*K15 -> 3555000 | M15: Gudang Utama A | N15: =IF(J15<=0,"Habis",IF(J15<=5,"Menipis","Tersedia")) -> Tersedia | O15: Rina Wijaya
A16: BAH-194 | B16: Metanol P.A. | C16: Bahan Kimia | D16: Botol | E16: PT Chemlab Mandiri | F16: 2025-09-05 | G16: 2025-09-13 | H16: 150 | I16: 43 | J16: =H16-I16 -> 107 | K16: 280000 | L16: =J16*K16 -> 29960000 | M16: Loker APD Sentral | N16: =IF(J16<=0,"Habis",IF(J16<=5,"Menipis","Tersedia")) -> Tersedia | O16: Hendra Setiawan
A17: BAH-151 | B17: Parafilm M Roll | C17: Bahan Habis Pakai | D17: Pack | E17: PT Global Labora Mandiri | F17: 2025-10-27 | G17: 2025-11-08 | H17: 50 | I17: 32 | J17: =H17-I17 -> 18 | K17: 650000 | L17: =J17*K17 -> 11700000 | M17: Loker APD Sentral | N17: =IF(J17<=0,"Habis",IF(J17<=5,"Menipis","Tersedia")) -> Tersedia | O17: Fajar Nugroho
A18: ALA-156 | B18: Tabung Reaksi | C18: Alat Gelas | D18: Pcs | E18: CV Biotech Pratama | F18: 2025-01-02 | G18: 2025-01-08 | H18: 100 | I18: 7 | J18: =H18-I18 -> 93 | K18: 12000 | L18: =J18*K18 -> 1116000 | M18: Gudang Utama A | N18: =IF(J18<=0,"Habis",IF(J18<=5,"Menipis","Tersedia")) -> Tersedia | O18: Fajar Nugroho
A19: REA-113 | B19: PCR Master Mix 2X | C19: Reagen | D19: Kit | E19: PT Advanced Nano Tech | F19: 2025-03-13 | G19: 2025-03-22 | H19: 100 | I19: 100 | J19: =H19-I19 -> 0 | K19: 850000 | L19: =J19*K19 -> 0 | M19: Lemari Flammable | N19: =IF(J19<=0,"Habis",IF(J19<=5,"Menipis","Tersedia")) -> Habis | O19: Agus Kurniawan
A20: BAH-192 | B20: Etanol 96% | C20: Bahan Kimia | D20: Botol | E20: CV Sigma Nusantara | F20: 2025-06-18 | G20: 2025-06-21 | H20: 200 | I20: 134 | J20: =H20-I20 -> 66 | K20: 220000 | L20: =J20*K20 -> 14520000 | M20: Lemari Flammable | N20: =IF(J20<=0,"Habis",IF(J20<=5,"Menipis","Tersedia")) -> Tersedia | O20: Agus Kurniawan
A21: BAH-141 | B21: Kertas Saring Whatman | C21: Bahan Habis Pakai | D21: Pack | E21: PT Advanced Nano Tech | F21: 2025-11-26 | G21: 2025-11-27 | H21: 150 | I21: 123 | J21: =H21-I21 -> 27 | K21: 240000 | L21: =J21*K21 -> 6480000 | M21: Gudang B (Dingin) | N21: =IF(J21<=0,"Habis",IF(J21<=5,"Menipis","Tersedia")) -> Tersedia | O21: Dr. Ahmad Fauzi
A22: REA-155 | B22: Gel Red Stain | C22: Reagen | D22: Kit | E22: PT Merck Chemical Indonesia | F22: 2025-01-24 | G22: 2025-02-07 | H22: 150 | I22: 28 | J22: =H22-I22 -> 122 | K22: 650000 | L22: =J22*K22 -> 79300000 | M22: Gudang Utama A | N22: =IF(J22<=0,"Habis",IF(J22<=5,"Menipis","Tersedia")) -> Tersedia | O22: Hendra Setiawan
A23: ALA-185 | B23: Vortex Mixer | C23: Alat Laboratorium | D23: Unit | E23: CV Labware Indonesia | F23: 2025-11-01 | G23: 2025-11-03 | H23: 2 | I23: 1 | J23: =H23-I23 -> 1 | K23: 3800000 | L23: =J23*K23 -> 3800000 | M23: Rak Alat C | N23: =IF(J23<=0,"Habis",IF(J23<=5,"Menipis","Tersedia")) -> Menipis | O23: Budi Santoso, M.Si.
A24: APD-154 | B24: Sarung Tangan Nitril | C24: APD | D24: Box | E24: PT Merck Chemical Indonesia | F24: 2025-08-26 | G24: 2025-09-07 | H24: 200 | I24: 134 | J24: =H24-I24 -> 66 | K24: 85000 | L24: =J24*K24 -> 5610000 | M24: Rak Alat C | N24: =IF(J24<=0,"Habis",IF(J24<=5,"Menipis","Tersedia")) -> Tersedia | O24: Siti Aminah, S.Si.
A25: BAH-185 | B25: Asam Klorida (HCl) | C25: Bahan Kimia | D25: Botol | E25: PT Chemlab Mandiri | F25: 2025-11-02 | H25: 50 | I25: 0 | J25: =H25-I25 -> 50 | K25: 310000 | L25: =J25*K25 -> 15500000 | M25: Rak Alat C | N25: =IF(J25<=0,"Habis",IF(J25<=5,"Menipis","Tersedia")) -> Tersedia | O25: Rina Wijaya
A26: BAH-126 | B26: Tip Pipet 200µL | C26: Bahan Habis Pakai | D26: Pack | E26: PT Anugerah Analitika | F26: 2025-11-30 | H26: 20 | I26: 0 | J26: =H26-I26 -> 20 | K26: 75000 | L26: =J26*K26 -> 1500000 | M26: Lemari Flammable | N26: =IF(J26<=0,"Habis",IF(J26<=5,"Menipis","Tersedia")) -> Tersedia | O26: Fajar Nugroho
A27: BAH-107 | B27: Perak Nitrat (AgNO3) | C27: Bahan Kimia | D27: Botol | E27: PT Medika Utama | F27: 2025-08-22 | G27: 2025-09-03 | H27: 100 | I27: 81 | J27: =H27-I27 -> 19 | K27: 1750000 | L27: =J27*K27 -> 33250000 | M27: Rak Alat C | N27: =IF(J27<=0,"Habis",IF(J27<=5,"Menipis","Tersedia")) -> Tersedia | O27: Hendra Setiawan
A28: ALA-188 | B28: Timbangan Analitik | C28: Alat Laboratorium | D28: Unit | E28: CV Sigma Nusantara | F28: 2025-05-15 | G28: 2025-05-27 | H28: 5 | I28: 3 | J28: =H28-I28 -> 2 | K28: 1550000 | L28: =J28*K28 -> 3100000 | M28: Loker APD Sentral | N28: =IF(J28<=0,"Habis",IF(J28<=5,"Menipis","Tersedia")) -> Menipis | O28: Agus Kurniawan
A29: ALA-157 | B29: Timbangan Analitik | C29: Alat Laboratorium | D29: Unit | E29: CV Labware Indonesia | F29: 2025-10-04 | G29: 2025-10-19 | H29: 5 | I29: 4 | J29: =H29-I29 -> 1 | K29: 1550000 | L29: =J29*K29 -> 1550000 | M29: Gudang Utama A | N29: =IF(J29<=0,"Habis",IF(J29<=5,"Menipis","Tersedia")) -> Menipis | O29: Agus Kurniawan
A30: ALA-153 | B30: Tabung Reaksi | C30: Alat Gelas | D30: Pcs | E30: PT Advanced Nano Tech | F30: 2025-06-06 | G30: 2025-06-08 | H30: 10 | I30: 6 | J30: =H30-I30 -> 4 | K30: 12000 | L30: =J30*K30 -> 48000 | M30: Loker APD Sentral | N30: =IF(J30<=0,"Habis",IF(J30<=5,"Menipis","Tersedia")) -> Menipis | O30: Siti Aminah, S.Si.
A31: BAH-178 | B31: Parafilm M Roll | C31: Bahan Habis Pakai | D31: Pack | E31: PT Medika Utama | F31: 2025-04-06 | H31: 20 | I31: 0 | J31: =H31-I31 -> 20 | K31: 650000 | L31: =J31*K31 -> 13000000 | M31: Loker APD Sentral | N31: =IF(J31<=0,"Habis",IF(J31<=5,"Menipis","Tersedia")) -> Tersedia | O31: Hendra Setiawan
A32: REA-106 | B32: Proteinase K | C32: Reagen | D32: Kit | E32: PT Merck Chemical Indonesia | F32: 2025-04-09 | G32: 2025-04-24 | H32: 150 | I32: 113 | J32: =H32-I32 -> 37 | K32: 450000 | L32: =J32*K32 -> 16650000 | M32: Lemari Flammable | N32: =IF(J32<=0,"Habis",IF(J32<=5,"Menipis","Tersedia")) -> Tersedia | O32: Siti Aminah, S.Si.
A33: APD-150 | B33: Masker Medis 3-Ply | C33: APD | D33: Box | E33: PT Merck Chemical Indonesia | F33: 2025-04-08 | G33: 2025-04-21 | H33: 150 | I33: 145 | J33: =H33-I33 -> 5 | K33: 45000 | L33: =J33*K33 -> 225000 | M33: Loker APD Sentral | N33: =IF(J33<=0,"Habis",IF(J33<=5,"Menipis","Tersedia")) -> Menipis | O33: Dewi Lestari, Ph.D.
A34: ALA-184 | B34: Mikropipet 100-1000 µL | C34: Alat Laboratorium | D34: Unit | E34: PT Advanced Nano Tech | F34: 2025-10-17 | G34: 2025-10-30 | H34: 5 | I34: 2 | J34: =H34-I34 -> 3 | K34: 2450000 | L34: =J34*K34 -> 7350000 | M34: Gudang Utama A | N34: =IF(J34<=0,"Habis",IF(J34<=5,"Menipis","Tersedia")) -> Menipis | O34: Dr. Ahmad Fauzi
A35: ALA-177 | B35: Gelas Kimia 250mL | C35: Alat Gelas | D35: Pcs | E35: PT Medika Utama | F35: 2025-10-02 | G35: 2025-10-09 | H35: 150 | I35: 23 | J35: =H35-I35 -> 127 | K35: 45000 | L35: =J35*K35 -> 5715000 | M35: Gudang Utama A | N35: =IF(J35<=0,"Habis",IF(J35<=5,"Menipis","Tersedia")) -> Tersedia | O35: Budi Santoso, M.Si.
A36: BAH-144 | B36: Akuades Steril | C36: Bahan Kimia | D36: Botol | E36: PT Alpha Sciencetama | F36: 2025-08-30 | G36: 2025-09-09 | H36: 150 | I36: 114 | J36: =H36-I36 -> 36 | K36: 85000 | L36: =J36*K36 -> 3060000 | M36: Lemari Flammable | N36: =IF(J36<=0,"Habis",IF(J36<=5,"Menipis","Tersedia")) -> Tersedia | O36: Budi Santoso, M.Si.
A37: ALA-154 | B37: Pipet Volume 10mL | C37: Alat Gelas | D37: Pcs | E37: PT Medika Utama | F37: 2025-04-10 | G37: 2025-04-11 | H37: 10 | I37: 3 | J37: =H37-I37 -> 7 | K37: 35000 | L37: =J37*K37 -> 245000 | M37: Lemari Flammable | N37: =IF(J37<=0,"Habis",IF(J37<=5,"Menipis","Tersedia")) -> Tersedia | O37: Agus Kurniawan
A38: ALA-172 | B38: Labu Erlenmeyer 500mL | C38: Alat Gelas | D38: Pcs | E38: PT Anugerah Analitika | F38: 2025-07-12 | G38: 2025-07-17 | H38: 10 | I38: 3 | J38: =H38-I38 -> 7 | K38: 65000 | L38: =J38*K38 -> 455000 | M38: Loker APD Sentral | N38: =IF(J38<=0,"Habis",IF(J38<=5,"Menipis","Tersedia")) -> Tersedia | O38: Dewi Lestari, Ph.D.
A39: ALA-174 | B39: Gelas Kimia 250mL | C39: Alat Gelas | D39: Pcs | E39: PT Global Labora Mandiri | F39: 2025-07-04 | G39: 2025-07-11 | H39: 20 | I39: 2 | J39: =H39-I39 -> 18 | K39: 45000 | L39: =J39*K39 -> 810000 | M39: Loker APD Sentral | N39: =IF(J39<=0,"Habis",IF(J39<=5,"Menipis","Tersedia")) -> Tersedia | O39: Siti Aminah, S.Si.
A40: APD-109 | B40: Kacamata Google Safety | C40: APD | D40: Box | E40: PT Medika Utama | F40: 2025-03-25 | G40: 2025-04-07 | H40: 20 | I40: 15 | J40: =H40-I40 -> 5 | K40: 35000 | L40: =J40*K40 -> 175000 | M40: Lemari Flammable | N40: =IF(J40<=0,"Habis",IF(J40<=5,"Menipis","Tersedia")) -> Menipis | O40: Rina Wijaya
A41: ALA-122 | B41: Mikropipet 100-1000 µL | C41: Alat Laboratorium | D41: Unit | E41: PT Global Labora Mandiri | F41: 2025-09-20 | G41: 2025-09-27 | H41: 10 | I41: 2 | J41: =H41-I41 -> 8 | K41: 2450000 | L41: =J41*K41 -> 19600000 | M41: Gudang B (Dingin) | N41: =IF(J41<=0,"Habis",IF(J41<=5,"Menipis","Tersedia")) -> Tersedia | O41: Fajar Nugroho
A42: REA-113 | B42: PCR Master Mix 2X | C42: Reagen | D42: Kit | E42: PT Anugerah Analitika | F42: 2025-10-01 | G42: 2025-10-07 | H42: 200 | I42: 26 | J42: =H42-I42 -> 174 | K42: 850000 | L42: =J42*K42 -> 147900000 | M42: Rak Alat C | N42: =IF(J42<=0,"Habis",IF(J42<=5,"Menipis","Tersedia")) -> Tersedia | O42: Hendra Setiawan
A43: APD-177 | B43: Kacamata Google Safety | C43: APD | D43: Box | E43: PT Merck Chemical Indonesia | F43: 2025-12-07 | G43: 2025-12-19 | H43: 20 | I43: 13 | J43: =H43-I43 -> 7 | K43: 35000 | L43: =J43*K43 -> 245000 | M43: Gudang Utama A | N43: =IF(J43<=0,"Habis",IF(J43<=5,"Menipis","Tersedia")) -> Tersedia | O43: Hendra Setiawan
A44: ALA-165 | B44: Gelas Kimia 250mL | C44: Alat Gelas | D44: Pcs | E44: CV Labware Indonesia | F44: 2025-07-24 | H44: 150 | I44: 0 | J44: =H44-I44 -> 150 | K44: 45000 | L44: =J44*K44 -> 6750000 | M44: Loker APD Sentral | N44: =IF(J44<=0,"Habis",IF(J44<=5,"Menipis","Tersedia")) -> Tersedia | O44: Siti Aminah, S.Si.
A45: ALA-124 | B45: Mikropipet 100-1000 µL | C45: Alat Laboratorium | D45: Unit | E45: PT Advanced Nano Tech | F45: 2025-07-24 | G45: 2025-07-30 | H45: 2 | I45: 2 | J45: =H45-I45 -> 0 | K45: 2450000 | L45: =J45*K45 -> 0 | M45: Gudang Utama A | N45: =IF(J45<=0,"Habis",IF(J45<=5,"Menipis","Tersedia")) -> Habis | O45: Dr. Ahmad Fauzi
A46: ALA-145 | B46: Gelas Kimia 250mL | C46: Alat Gelas | D46: Pcs | E46: PT Medika Utama | F46: 2025-01-10 | H46: 20 | I46: 0 | J46: =H46-I46 -> 20 | K46: 45000 | L46: =J46*K46 -> 900000 | M46: Gudang B (Dingin) | N46: =IF(J46<=0,"Habis",IF(J46<=5,"Menipis","Tersedia")) -> Tersedia | O46: Agus Kurniawan
A47: ALA-131 | B47: Labu Erlenmeyer 500mL | C47: Alat Gelas | D47: Pcs | E47: PT Anugerah Analitika | F47: 2025-01-16 | H47: 20 | I47: 0 | J47: =H47-I47 -> 20 | K47: 65000 | L47: =J47*K47 -> 1300000 | M47: Loker APD Sentral | N47: =IF(J47<=0,"Habis",IF(J47<=5,"Menipis","Tersedia")) -> Tersedia | O47: Fajar Nugroho
A48: REA-187 | B48: Kit Ekstraksi DNA | C48: Reagen | D48: Kit | E48: PT Global Labora Mandiri | F48: 2025-02-04 | G48: 2025-02-14 | H48: 10 | I48: 3 | J48: =H48-I48 -> 7 | K48: 1250000 | L48: =J48*K48 -> 8750000 | M48: Lemari Flammable | N48: =IF(J48<=0,"Habis",IF(J48<=5,"Menipis","Tersedia")) -> Tersedia | O48: Siti Aminah, S.Si.
A49: BAH-170 | B49: Perak Nitrat (AgNO3) | C49: Bahan Kimia | D49: Botol | E49: PT Global Labora Mandiri | F49: 2025-10-24 | G49: 2025-10-25 | H49: 100 | I49: 24 | J49: =H49-I49 -> 76 | K49: 1750000 | L49: =J49*K49 -> 133000000 | M49: Lemari Flammable | N49: =IF(J49<=0,"Habis",IF(J49<=5,"Menipis","Tersedia")) -> Tersedia | O49: Dr. Ahmad Fauzi
A50: BAH-162 | B50: Asam Klorida (HCl) | C50: Bahan Kimia | D50: Botol | E50: PT Medika Utama | F50: 2025-05-16 | H50: 50 | I50: 0 | J50: =H50-I50 -> 50 | K50: 310000 | L50: =J50*K50 -> 15500000 | M50: Gudang B (Dingin) | N50: =IF(J50<=0,"Habis",IF(J50<=5,"Menipis","Tersedia")) -> Tersedia | O50: Siti Aminah, S.Si.
A51: BAH-119 | B51: Perak Nitrat (AgNO3) | C51: Bahan Kimia | D51: Botol | E51: CV Sigma Nusantara | F51: 2025-06-07 | G51: 2025-06-09 | H51: 20 | I51: 18 | J51: =H51-I51 -> 2 | K51: 1750000 | L51: =J51*K51 -> 3500000 | M51: Loker APD Sentral | N51: =IF(J51<=0,"Habis",IF(J51<=5,"Menipis","Tersedia")) -> Menipis | O51: Siti Aminah, S.Si.
A52: ALA-142 | B52: pH Meter | C52: Alat Laboratorium | D52: Unit | E52: PT Alpha Sciencetama | F52: 2025-08-07 | G52: 2025-08-17 | H52: 2 | I52: 1 | J52: =H52-I52 -> 1 | K52: 1850000 | L52: =J52*K52 -> 1850000 | M52: Loker APD Sentral | N52: =IF(J52<=0,"Habis",IF(J52<=5,"Menipis","Tersedia")) -> Menipis | O52: Hendra Setiawan
A53: REA-168 | B53: PCR Master Mix 2X | C53: Reagen | D53: Kit | E53: PT Alpha Sciencetama | F53: 2025-06-06 | G53: 2025-06-20 | H53: 200 | I53: 39 | J53: =H53-I53 -> 161 | K53: 850000 | L53: =J53*K53 -> 136850000 | M53: Gudang B (Dingin) | N53: =IF(J53<=0,"Habis",IF(J53<=5,"Menipis","Tersedia")) -> Tersedia | O53: Rina Wijaya
A54: REA-166 | B54: Gel Red Stain | C54: Reagen | D54: Kit | E54: CV Biotech Pratama | F54: 2025-08-26 | H54: 100 | I54: 0 | J54: =H54-I54 -> 100 | K54: 650000 | L54: =J54*K54 -> 65000000 | M54: Rak Alat C | N54: =IF(J54<=0,"Habis",IF(J54<=5,"Menipis","Tersedia")) -> Tersedia | O54: Agus Kurniawan
A55: BAH-103 | B55: Kertas Saring Whatman | C55: Bahan Habis Pakai | D55: Pack | E55: PT Anugerah Analitika | F55: 2025-12-03 | G55: 2025-12-06 | H55: 200 | I55: 198 | J55: =H55-I55 -> 2 | K55: 240000 | L55: =J55*K55 -> 480000 | M55: Lemari Flammable | N55: =IF(J55<=0,"Habis",IF(J55<=5,"Menipis","Tersedia")) -> Menipis | O55: Budi Santoso, M.Si.
A56: ALA-185 | B56: pH Meter | C56: Alat Laboratorium | D56: Unit | E56: CV Labware Indonesia | F56: 2025-09-08 | H56: 5 | I56: 0 | J56: =H56-I56 -> 5 | K56: 1850000 | L56: =J56*K56 -> 9250000 | M56: Gudang Utama A | N56: =IF(J56<=0,"Habis",IF(J56<=5,"Menipis","Tersedia")) -> Menipis | O56: Budi Santoso, M.Si.
A57: BAH-127 | B57: Aluminium Foil | C57: Bahan Habis Pakai | D57: Pack | E57: CV Labware Indonesia | F57: 2025-10-12 | H57: 100 | I57: 0 | J57: =H57-I57 -> 100 | K57: 45000 | L57: =J57*K57 -> 4500000 | M57: Loker APD Sentral | N57: =IF(J57<=0,"Habis",IF(J57<=5,"Menipis","Tersedia")) -> Tersedia | O57: Dewi Lestari, Ph.D.
A58: BAH-194 | B58: Aluminium Foil | C58: Bahan Habis Pakai | D58: Pack | E58: PT Medika Utama | F58: 2025-08-23 | G58: 2025-09-01 | H58: 10 | I58: 9 | J58: =H58-I58 -> 1 | K58: 45000 | L58: =J58*K58 -> 45000 | M58: Gudang Utama A | N58: =IF(J58<=0,"Habis",IF(J58<=5,"Menipis","Tersedia")) -> Menipis | O58: Budi Santoso, M.Si.
A59: REA-178 | B59: Buffer TAE 50X | C59: Reagen | D59: Kit | E59: CV Biotech Pratama | F59: 2025-01-18 | G59: 2025-01-22 | H59: 10 | I59: 7 | J59: =H59-I59 -> 3 | K59: 350000 | L59: =J59*K59 -> 1050000 | M59: Gudang B (Dingin) | N59: =IF(J59<=0,"Habis",IF(J59<=5,"Menipis","Tersedia")) -> Menipis | O59: Dr. Ahmad Fauzi
A60: BAH-172 | B60: Parafilm M Roll | C60: Bahan Habis Pakai | D60: Pack | E60: CV Biotech Pratama | F60: 2025-07-07 | G60: 2025-07-19 | H60: 100 | I60: 23 | J60: =H60-I60 -> 77 | K60: 650000 | L60: =J60*K60 -> 50050000 | M60: Gudang Utama A | N60: =IF(J60<=0,"Habis",IF(J60<=5,"Menipis","Tersedia")) -> Tersedia | O60: Siti Aminah, S.Si.
A61: ALA-169 | B61: Gelas Ukur 100mL | C61: Alat Gelas | D61: Pcs | E61: PT Chemlab Mandiri | F61: 2025-03-21 | H61: 100 | I61: 0 | J61: =H61-I61 -> 100 | K61: 55000 | L61: =J61*K61 -> 5500000 | M61: Gudang B (Dingin) | N61: =IF(J61<=0,"Habis",IF(J61<=5,"Menipis","Tersedia")) -> Tersedia | O61: Rina Wijaya
A62: APD-187 | B62: Kacamata Google Safety | C62: APD | D62: Box | E62: PT Anugerah Analitika | F62: 2025-10-02 | G62: 2025-10-12 | H62: 200 | I62: 156 | J62: =H62-I62 -> 44 | K62: 35000 | L62: =J62*K62 -> 1540000 | M62: Gudang Utama A | N62: =IF(J62<=0,"Habis",IF(J62<=5,"Menipis","Tersedia")) -> Tersedia | O62: Rina Wijaya
A63: APD-109 | B63: Sarung Tangan Nitril | C63: APD | D63: Box | E63: PT Anugerah Analitika | F63: 2025-04-18 | G63: 2025-04-24 | H63: 10 | I63: 3 | J63: =H63-I63 -> 7 | K63: 85000 | L63: =J63*K63 -> 595000 | M63: Gudang Utama A | N63: =IF(J63<=0,"Habis",IF(J63<=5,"Menipis","Tersedia")) -> Tersedia | O63: Agus Kurniawan
A64: BAH-131 | B64: Metanol P.A. | C64: Bahan Kimia | D64: Botol | E64: PT Medika Utama | F64: 2025-05-13 | H64: 20 | I64: 0 | J64: =H64-I64 -> 20 | K64: 280000 | L64: =J64*K64 -> 5600000 | M64: Loker APD Sentral | N64: =IF(J64<=0,"Habis",IF(J64<=5,"Menipis","Tersedia")) -> Tersedia | O64: Hendra Setiawan
A65: BAH-143 | B65: Etanol 96% | C65: Bahan Kimia | D65: Botol | E65: PT Alpha Sciencetama | F65: 2025-09-14 | G65: 2025-09-21 | H65: 200 | I65: 13 | J65: =H65-I65 -> 187 | K65: 220000 | L65: =J65*K65 -> 41140000 | M65: Rak Alat C | N65: =IF(J65<=0,"Habis",IF(J65<=5,"Menipis","Tersedia")) -> Tersedia | O65: Dewi Lestari, Ph.D.
A66: BAH-158 | B66: Aluminium Foil | C66: Bahan Habis Pakai | D66: Pack | E66: PT Global Labora Mandiri | F66: 2025-08-08 | H66: 10 | I66: 0 | J66: =H66-I66 -> 10 | K66: 45000 | L66: =J66*K66 -> 450000 | M66: Lemari Flammable | N66: =IF(J66<=0,"Habis",IF(J66<=5,"Menipis","Tersedia")) -> Tersedia | O66: Siti Aminah, S.Si.
A67: ALA-148 | B67: Gelas Kimia 250mL | C67: Alat Gelas | D67: Pcs | E67: PT Chemlab Mandiri | F67: 2025-09-24 | G67: 2025-10-02 | H67: 200 | I67: 147 | J67: =H67-I67 -> 53 | K67: 45000 | L67: =J67*K67 -> 2385000 | M67: Gudang Utama A | N67: =IF(J67<=0,"Habis",IF(J67<=5,"Menipis","Tersedia")) -> Tersedia | O67: Siti Aminah, S.Si.
A68: REA-114 | B68: Buffer TAE 50X | C68: Reagen | D68: Kit | E68: PT Anugerah Analitika | F68: 2025-07-21 | G68: 2025-08-01 | H68: 10 | I68: 8 | J68: =H68-I68 -> 2 | K68: 350000 | L68: =J68*K68 -> 700000 | M68: Gudang B (Dingin) | N68: =IF(J68<=0,"Habis",IF(J68<=5,"Menipis","Tersedia")) -> Menipis | O68: Agus Kurniawan
A69: APD-189 | B69: Kacamata Google Safety | C69: APD | D69: Box | E69: PT Anugerah Analitika | F69: 2025-12-03 | G69: 2025-12-11 | H69: 20 | I69: 8 | J69: =H69-I69 -> 12 | K69: 35000 | L69: =J69*K69 -> 420000 | M69: Loker APD Sentral | N69: =IF(J69<=0,"Habis",IF(J69<=5,"Menipis","Tersedia")) -> Tersedia | O69: Hendra Setiawan
A70: BAH-159 | B70: Akuades Steril | C70: Bahan Kimia | D70: Botol | E70: PT Anugerah Analitika | F70: 2025-08-18 | G70: 2025-08-27 | H70: 150 | I70: 129 | J70: =H70-I70 -> 21 | K70: 85000 | L70: =J70*K70 -> 1785000 | M70: Loker APD Sentral | N70: =IF(J70<=0,"Habis",IF(J70<=5,"Menipis","Tersedia")) -> Tersedia | O70: Hendra Setiawan
A71: ALA-138 | B71: Timbangan Analitik | C71: Alat Laboratorium | D71: Unit | E71: PT Global Labora Mandiri | F71: 2025-07-11 | G71: 2025-07-20 | H71: 2 | I71: 1 | J71: =H71-I71 -> 1 | K71: 1550000 | L71: =J71*K71 -> 1550000 | M71: Gudang B (Dingin) | N71: =IF(J71<=0,"Habis",IF(J71<=5,"Menipis","Tersedia")) -> Menipis | O71: Rina Wijaya
A72: APD-107 | B72: Masker Medis 3-Ply | C72: APD | D72: Box | E72: PT Global Labora Mandiri | F72: 2025-03-26 | H72: 20 | I72: 0 | J72: =H72-I72 -> 20 | K72: 45000 | L72: =J72*K72 -> 900000 | M72: Rak Alat C | N72: =IF(J72<=0,"Habis",IF(J72<=5,"Menipis","Tersedia")) -> Tersedia | O72: Fajar Nugroho
A73: BAH-105 | B73: Etanol 96% | C73: Bahan Kimia | D73: Botol | E73: PT Chemlab Mandiri | F73: 2025-01-09 | G73: 2025-01-22 | H73: 20 | I73: 15 | J73: =H73-I73 -> 5 | K73: 220000 | L73: =J73*K73 -> 1100000 | M73: Gudang Utama A | N73: =IF(J73<=0,"Habis",IF(J73<=5,"Menipis","Tersedia")) -> Menipis | O73: Rina Wijaya
A74: ALA-153 | B74: Mikropipet 100-1000 µL | C74: Alat Laboratorium | D74: Unit | E74: PT Medika Utama | F74: 2025-03-21 | H74: 2 | I74: 0 | J74: =H74-I74 -> 2 | K74: 2450000 | L74: =J74*K74 -> 4900000 | M74: Gudang Utama A | N74: =IF(J74<=0,"Habis",IF(J74<=5,"Menipis","Tersedia")) -> Menipis | O74: Hendra Setiawan
A75: BAH-114 | B75: Kertas Saring Whatman | C75: Bahan Habis Pakai | D75: Pack | E75: PT Chemlab Mandiri | F75: 2025-06-29 | G75: 2025-07-13 | H75: 50 | I75: 50 | J75: =H75-I75 -> 0 | K75: 240000 | L75: =J75*K75 -> 0 | M75: Rak Alat C | N75: =IF(J75<=0,"Habis",IF(J75<=5,"Menipis","Tersedia")) -> Habis | O75: Agus Kurniawan
A76: BAH-176 | B76: Aluminium Foil | C76: Bahan Habis Pakai | D76: Pack | E76: CV Sigma Nusantara | F76: 2025-02-24 | G76: 2025-03-02 | H76: 100 | I76: 92 | J76: =H76-I76 -> 8 | K76: 45000 | L76: =J76*K76 -> 360000 | M76: Gudang Utama A | N76: =IF(J76<=0,"Habis",IF(J76<=5,"Menipis","Tersedia")) -> Tersedia | O76: Fajar Nugroho
A77: BAH-160 | B77: Asam Klorida (HCl) | C77: Bahan Kimia | D77: Botol | E77: PT Medika Utama | F77: 2025-10-25 | G77: 2025-10-30 | H77: 20 | I77: 11 | J77: =H77-I77 -> 9 | K77: 310000 | L77: =J77*K77 -> 2790000 | M77: Gudang B (Dingin) | N77: =IF(J77<=0,"Habis",IF(J77<=5,"Menipis","Tersedia")) -> Tersedia | O77: Siti Aminah, S.Si.
A78: ALA-193 | B78: Gelas Kimia 250mL | C78: Alat Gelas | D78: Pcs | E78: PT Advanced Nano Tech | F78: 2025-03-29 | G78: 2025-04-05 | H78: 20 | I78: 12 | J78: =H78-I78 -> 8 | K78: 45000 | L78: =J78*K78 -> 360000 | M78: Gudang Utama A | N78: =IF(J78<=0,"Habis",IF(J78<=5,"Menipis","Tersedia")) -> Tersedia | O78: Fajar Nugroho
A79: REA-131 | B79: Buffer TAE 50X | C79: Reagen | D79: Kit | E79: PT Merck Chemical Indonesia | F79: 2025-01-28 | G79: 2025-02-05 | H79: 150 | I79: 66 | J79: =H79-I79 -> 84 | K79: 350000 | L79: =J79*K79 -> 29400000 | M79: Lemari Flammable | N79: =IF(J79<=0,"Habis",IF(J79<=5,"Menipis","Tersedia")) -> Tersedia | O79: Siti Aminah, S.Si.
A80: REA-189 | B80: Proteinase K | C80: Reagen | D80: Kit | E80: CV Biotech Pratama | F80: 2025-03-28 | G80: 2025-04-06 | H80: 100 | I80: 91 | J80: =H80-I80 -> 9 | K80: 450000 | L80: =J80*K80 -> 4050000 | M80: Gudang B (Dingin) | N80: =IF(J80<=0,"Habis",IF(J80<=5,"Menipis","Tersedia")) -> Tersedia | O80: Rina Wijaya
A81: ALA-189 | B81: Gelas Ukur 100mL | C81: Alat Gelas | D81: Pcs | E81: PT Merck Chemical Indonesia | F81: 2025-04-08 | G81: 2025-04-16 | H81: 20 | I81: 12 | J81: =H81-I81 -> 8 | K81: 55000 | L81: =J81*K81 -> 440000 | M81: Lemari Flammable | N81: =IF(J81<=0,"Habis",IF(J81<=5,"Menipis","Tersedia")) -> Tersedia | O81: Fajar Nugroho
A82: BAH-196 | B82: Kertas Saring Whatman | C82: Bahan Habis Pakai | D82: Pack | E82: PT Merck Chemical Indonesia | F82: 2025-04-06 | H82: 20 | I82: 0 | J82: =H82-I82 -> 20 | K82: 240000 | L82: =J82*K82 -> 4800000 | M82: Loker APD Sentral | N82: =IF(J82<=0,"Habis",IF(J82<=5,"Menipis","Tersedia")) -> Tersedia | O82: Dr. Ahmad Fauzi
A83: BAH-100 | B83: Akuades Steril | C83: Bahan Kimia | D83: Botol | E83: PT Advanced Nano Tech | F83: 2025-06-17 | G83: 2025-07-02 | H83: 50 | I83: 38 | J83: =H83-I83 -> 12 | K83: 85000 | L83: =J83*K83 -> 1020000 | M83: Loker APD Sentral | N83: =IF(J83<=0,"Habis",IF(J83<=5,"Menipis","Tersedia")) -> Tersedia | O83: Rina Wijaya
A84: BAH-160 | B84: Kertas Saring Whatman | C84: Bahan Habis Pakai | D84: Pack | E84: PT Merck Chemical Indonesia | F84: 2025-08-26 | H84: 150 | I84: 0 | J84: =H84-I84 -> 150 | K84: 240000 | L84: =J84*K84 -> 36000000 | M84: Lemari Flammable | N84: =IF(J84<=0,"Habis",IF(J84<=5,"Menipis","Tersedia")) -> Tersedia | O84: Fajar Nugroho
A85: APD-131 | B85: Masker Medis 3-Ply | C85: APD | D85: Box | E85: PT Alpha Sciencetama | F85: 2025-05-19 | G85: 2025-06-01 | H85: 20 | I85: 11 | J85: =H85-I85 -> 9 | K85: 45000 | L85: =J85*K85 -> 405000 | M85: Gudang Utama A | N85: =IF(J85<=0,"Habis",IF(J85<=5,"Menipis","Tersedia")) -> Tersedia | O85: Siti Aminah, S.Si.
A86: ALA-147 | B86: pH Meter | C86: Alat Laboratorium | D86: Unit | E86: PT Global Labora Mandiri | F86: 2025-11-23 | H86: 10 | I86: 0 | J86: =H86-I86 -> 10 | K86: 1850000 | L86: =J86*K86 -> 18500000 | M86: Loker APD Sentral | N86: =IF(J86<=0,"Habis",IF(J86<=5,"Menipis","Tersedia")) -> Tersedia | O86: Dewi Lestari, Ph.D.
A87: REA-182 | B87: Buffer TAE 50X | C87: Reagen | D87: Kit | E87: CV Biotech Pratama | F87: 2025-11-13 | H87: 10 | I87: 0 | J87: =H87-I87 -> 10 | K87: 350000 | L87: =J87*K87 -> 3500000 | M87: Loker APD Sentral | N87: =IF(J87<=0,"Habis",IF(J87<=5,"Menipis","Tersedia")) -> Tersedia | O87: Fajar Nugroho
A88: ALA-130 | B88: Gelas Ukur 100mL | C88: Alat Gelas | D88: Pcs | E88: CV Labware Indonesia | F88: 2025-03-29 | G88: 2025-04-11 | H88: 10 | I88: 5 | J88: =H88-I88 -> 5 | K88: 55000 | L88: =J88*K88 -> 275000 | M88: Gudang Utama A | N88: =IF(J88<=0,"Habis",IF(J88<=5,"Menipis","Tersedia")) -> Menipis | O88: Agus Kurniawan
A89: ALA-156 | B89: Gelas Kimia 250mL | C89: Alat Gelas | D89: Pcs | E89: PT Chemlab Mandiri | F89: 2025-01-18 | G89: 2025-01-25 | H89: 100 | I89: 68 | J89: =H89-I89 -> 32 | K89: 45000 | L89: =J89*K89 -> 1440000 | M89: Gudang Utama A | N89: =IF(J89<=0,"Habis",IF(J89<=5,"Menipis","Tersedia")) -> Tersedia | O89: Dr. Ahmad Fauzi
A90: APD-195 | B90: Jas Laboratorium | C90: APD | D90: Box | E90: PT Advanced Nano Tech | F90: 2025-10-31 | G90: 2025-11-06 | H90: 20 | I90: 11 | J90: =H90-I90 -> 9 | K90: 150000 | L90: =J90*K90 -> 1350000 | M90: Rak Alat C | N90: =IF(J90<=0,"Habis",IF(J90<=5,"Menipis","Tersedia")) -> Tersedia | O90: Dewi Lestari, Ph.D.
A91: REA-190 | B91: Gel Red Stain | C91: Reagen | D91: Kit | E91: CV Sigma Nusantara | F91: 2025-02-22 | G91: 2025-03-02 | H91: 50 | I91: 21 | J91: =H91-I91 -> 29 | K91: 650000 | L91: =J91*K91 -> 18850000 | M91: Loker APD Sentral | N91: =IF(J91<=0,"Habis",IF(J91<=5,"Menipis","Tersedia")) -> Tersedia | O91: Dewi Lestari, Ph.D.
A92: BAH-121 | B92: Asam Klorida (HCl) | C92: Bahan Kimia | D92: Botol | E92: CV Sigma Nusantara | F92: 2025-10-12 | H92: 150 | I92: 0 | J92: =H92-I92 -> 150 | K92: 310000 | L92: =J92*K92 -> 46500000 | M92: Gudang B (Dingin) | N92: =IF(J92<=0,"Habis",IF(J92<=5,"Menipis","Tersedia")) -> Tersedia | O92: Siti Aminah, S.Si.
A93: REA-197 | B93: Buffer TAE 50X | C93: Reagen | D93: Kit | E93: PT Medika Utama | F93: 2025-03-23 | G93: 2025-04-03 | H93: 50 | I93: 44 | J93: =H93-I93 -> 6 | K93: 350000 | L93: =J93*K93 -> 2100000 | M93: Rak Alat C | N93: =IF(J93<=0,"Habis",IF(J93<=5,"Menipis","Tersedia")) -> Tersedia | O93: Fajar Nugroho
A94: BAH-106 | B94: Kertas Saring Whatman | C94: Bahan Habis Pakai | D94: Pack | E94: PT Alpha Sciencetama | F94: 2025-10-02 | H94: 150 | I94: 0 | J94: =H94-I94 -> 150 | K94: 240000 | L94: =J94*K94 -> 36000000 | M94: Loker APD Sentral | N94: =IF(J94<=0,"Habis",IF(J94<=5,"Menipis","Tersedia")) -> Tersedia | O94: Budi Santoso, M.Si.
A95: APD-145 | B95: Jas Laboratorium | C95: APD | D95: Box | E95: CV Labware Indonesia | F95: 2025-05-12 | H95: 10 | I95: 0 | J95: =H95-I95 -> 10 | K95: 150000 | L95: =J95*K95 -> 1500000 | M95: Rak Alat C | N95: =IF(J95<=0,"Habis",IF(J95<=5,"Menipis","Tersedia")) -> Tersedia | O95: Dewi Lestari, Ph.D.
A96: ALA-182 | B96: Mikropipet 100-1000 µL | C96: Alat Laboratorium | D96: Unit | E96: CV Biotech Pratama | F96: 2025-10-05 | G96: 2025-10-14 | H96: 2 | I96: 2 | J96: =H96-I96 -> 0 | K96: 2450000 | L96: =J96*K96 -> 0 | M96: Lemari Flammable | N96: =IF(J96<=0,"Habis",IF(J96<=5,"Menipis","Tersedia")) -> Habis | O96: Rina Wijaya
A97: BAH-106 | B97: Aluminium Foil | C97: Bahan Habis Pakai | D97: Pack | E97: PT Chemlab Mandiri | F97: 2025-08-28 | G97: 2025-09-03 | H97: 150 | I97: 96 | J97: =H97-I97 -> 54 | K97: 45000 | L97: =J97*K97 -> 2430000 | M97: Rak Alat C | N97: =IF(J97<=0,"Habis",IF(J97<=5,"Menipis","Tersedia")) -> Tersedia | O97: Fajar Nugroho
A98: BAH-136 | B98: Asam Klorida (HCl) | C98: Bahan Kimia | D98: Botol | E98: PT Chemlab Mandiri | F98: 2025-07-11 | G98: 2025-07-22 | H98: 50 | I98: 38 | J98: =H98-I98 -> 12 | K98: 310000 | L98: =J98*K98 -> 3720000 | M98: Gudang Utama A | N98: =IF(J98<=0,"Habis",IF(J98<=5,"Menipis","Tersedia")) -> Tersedia | O98: Agus Kurniawan
A99: BAH-129 | B99: Metanol P.A. | C99: Bahan Kimia | D99: Botol | E99: PT Anugerah Analitika | F99: 2025-05-21 | G99: 2025-05-23 | H99: 10 | I99: 2 | J99: =H99-I99 -> 8 | K99: 280000 | L99: =J99*K99 -> 2240000 | M99: Rak Alat C | N99: =IF(J99<=0,"Habis",IF(J99<=5,"Menipis","Tersedia")) -> Tersedia | O99: Fajar Nugroho
A100: ALA-130 | B100: Timbangan Analitik | C100: Alat Laboratorium | D100: Unit | E100: PT Global Labora Mandiri | F100: 2025-09-15 | G100: 2025-09-25 | H100: 5 | I100: 3 | J100: =H100-I100 -> 2 | K100: 1550000 | L100: =J100*K100 -> 3100000 | M100: Gudang Utama A | N100: =IF(J100<=0,"Habis",IF(J100<=5,"Menipis","Tersedia")) -> Menipis | O100: Budi Santoso, M.Si.
A101: ALA-192 | B101: Tabung Reaksi | C101: Alat Gelas | D101: Pcs | E101: CV Biotech Pratama | F101: 2025-01-05 | G101: 2025-01-13 | H101: 50 | I101: 13 | J101: =H101-I101 -> 37 | K101: 12000 | L101: =J101*K101 -> 444000 | M101: Rak Alat C | N101: =IF(J101<=0,"Habis",IF(J101<=5,"Menipis","Tersedia")) -> Tersedia | O101: Budi Santoso, M.Si.
A102: REA-199 | B102: Proteinase K | C102: Reagen | D102: Kit | E102: CV Labware Indonesia | F102: 2025-10-13 | G102: 2025-10-23 | H102: 50 | I102: 34 | J102: =H102-I102 -> 16 | K102: 450000 | L102: =J102*K102 -> 7200000 | M102: Gudang Utama A | N102: =IF(J102<=0,"Habis",IF(J102<=5,"Menipis","Tersedia")) -> Tersedia | O102: Budi Santoso, M.Si.
...

Sheet PIVOT
A1: Total Nilai Persediaan | E1: Nilai Persediaan Per Supplier | H1: Top 5 Barang berdasarkan Nilai Persediaan | K1: Status Inventaris | N1: Barang Masuk dan Keluar
A2: Status | B2: Menipis | E2: Status | F2: (All) | K2: Supplier | L2: (All) | N2: Supplier | O2: (All)
A3: Supplier | B3: PT Global Labora Mandiri | E3: Kategori Barang | F3: Bahan Kimia | H3: Row Labels | I3: Sum of Total Nilai Persediaan | K3: Kategori Barang | L3: Bahan Kimia | N3: Kategori Barang | O3: Bahan Kimia
H4: Akuades Steril | I4: 7310000
A5: Kategori Barang | B5: Sum of Total Nilai Persediaan | E5: Status | F5: Sum of Total Nilai Persediaan | H5: Metanol P.A. | I5: 107520000 | K5: Status Barang | L5: Count of Kode Barang | N5: Sum of Jumlah Masuk | O5: Sum of Jumlah Keluar
A6: Grand Total | E6: CV Labware Indonesia | F6: 29385000 | H6: Etanol 96% | I6: 152900000 | K6: Habis | L6: 1 | N6: 3840 | O6: 1771
E7: CV Sigma Nusantara | F7: 64520000 | H7: Asam Klorida (HCl) | I7: 216380000 | K7: Menipis | L7: 11
E8: PT Advanced Nano Tech | F8: 1330000 | H8: Perak Nitrat (AgNO3) | I8: 360500000 | K8: Tersedia | L8: 37
E9: PT Alpha Sciencetama | F9: 137260000 | H9: Grand Total | I9: 844610000 | K9: Grand Total | L9: 49
E10: PT Anugerah Analitika | F10: 165325000
E11: PT Chemlab Mandiri | F11: 93370000
E12: PT Global Labora Mandiri | F12: 240370000
E13: PT Medika Utama | F13: 83060000
E14: PT Merck Chemical Indonesia | F14: 29990000
E15: Grand Total | F15: 844610000

Sheet Dashboard
A1: DASHBOARD INVENTARIS LABORATORIUM
A3: Total Nilai Persediaan | B3: Jumlah Supplier | C3: Jumlah Barang Menipis | D3: Total Barang Masuk | E3: Total Barag Keluar
A4: =SUM(GETPIVOTDATA("Total Nilai Persediaan",PIVOT!$A$5)) -> 0 | B4: =SUMPRODUCT(('Raw Data'!E2:E311<>"")/COUNTIF('Raw Data'!E2:E311,'Raw Data'!E2:E311&"")) -> 10 | C4: =SUM(GETPIVOTDATA("Kode Barang",PIVOT!$K$5,"Status","Menipis")) -> 11 | D4: =SUM(GETPIVOTDATA("Sum of Jumlah Masuk",PIVOT!$N$5)) -> 3840 | E4: =SUM(GETPIVOTDATA("Sum of Jumlah Keluar",PIVOT!$N$5)) -> 1771

Sheet Search Inventory
A1: Search Inventory
A3: Kode Barang: | B3: ALA-157
A5: Informasi Barang | B5: Hasil
A6: Nama Barang | B6: =INDEX('Raw Data'!B2:B311,MATCH(B3,'Raw Data'!A2:A311,0)) -> Timbangan Analitik
A7: Kategori Barang | B7: =INDEX('Raw Data'!C2:C311,MATCH(B3,'Raw Data'!A2:A311,0)) -> Alat Laboratorium
A8: Supplier | B8: =INDEX('Raw Data'!E2:E311,MATCH(B3,'Raw Data'!A2:A311,0)) -> CV Labware Indonesia
A9: Stok Akhir | B9: =INDEX('Raw Data'!J2:J311,MATCH(B3,'Raw Data'!A2:A311,0)) -> 1
A10: Status | B10: =INDEX('Raw Data'!N2:N311,MATCH(B3,'Raw Data'!A2:A311,0)) -> Menipis
A11: Lokasi Penyimpanan | B11: =INDEX('Raw Data'!M2:M311,MATCH(B3,'Raw Data'!A2:A311,0)) -> Gudang Utama A
A12: PIC | B12: =INDEX('Raw Data'!O2:O311,MATCH(B3,'Raw Data'!A2:A311,0)) -> Agus Kurniawan
